1.9885e+30,3.3011e+23,4.8675e+24,5.9724e+24,6.4171e+23,1.898e+27,5.683e+26,8.681e+25,1.024e+26
2101.27,0,5.76045e+10,4.13657e+09,1.08115e+11,3.02598e+09,1.49556e+11,2.57344e+09,2.27881e+11,2.08501e+09,7.78498e+11,1.12811e+09,1.433e+12,8.31489e+08,2.877e+12,5.86826e+08,4.503e+12,4.6906e+08,
6304.03,14.0189,5.70127e+10,8.25186e+09,1.07946e+11,6.04959e+09,1.49467e+11,5.14611e+09,2.27843e+11,4.16984e+09,7.78495e+11,2.25621e+09,1.433e+12,1.66298e+09,2.877e+12,1.17365e+09,4.503e+12,9.3812e+08,
12608,56.1215,5.61254e+10,1.23244e+10,1.07692e+11,9.06845e+09,1.49334e+11,7.71726e+09,2.27786e+11,6.25432e+09,7.7849e+11,3.38431e+09,1.433e+12,2.49446e+09,2.877e+12,1.76048e+09,4.503e+12,1.40718e+09,
21012.6,140.394,5.49451e+10,1.63326e+10,1.07354e+11,1.20802e+10,1.49157e+11,1.02861e+10,2.27709e+11,8.33828e+09,7.78484e+11,4.5124e+09,1.433e+12,3.32595e+09,2.877e+12,2.3473e+09,4.503e+12,1.87624e+09,
31516.5,280.919,5.34757e+10,2.02548e+10,1.06931e+11,1.50825e+10,1.48936e+11,1.28519e+10,2.27614e+11,1.04215e+10,7.78475e+11,5.64049e+09,1.43299e+12,4.15744e+09,2.877e+12,2.93413e+09,4.503e+12,2.3453e+09,
44118.1,491.745,5.1723e+10,2.40698e+10,1.06424e+11,1.80728e+10,1.48671e+11,1.54139e+10,2.275e+11,1.25039e+10,7.78466e+11,6.76856e+09,1.43299e+12,4.98892e+09,2.877e+12,3.52096e+09,4.503e+12,2.81436e+09,
58815.3,786.865,4.96944e+10,2.77563e+10,1.05833e+11,2.1049e+10,1.48361e+11,1.79714e+10,2.27366e+11,1.45853e+10,7.78454e+11,7.89661e+09,1.43299e+12,5.8204e+09,2.877e+12,4.10778e+09,4.503e+12,3.28342e+09,
75605.3,1180.18,4.73987e+10,3.12937e+10,1.05159e+11,2.40086e+10,1.48007e+11,2.05235e+10,2.27214e+11,1.66654e+10,7.78441e+11,9.02465e+09,1.43298e+12,6.65189e+09,2.877e+12,4.69461e+09,4.503e+12,3.75248e+09,
94485.2,1685.48,4.48468e+10,3.46618e+10,1.04402e+11,2.69492e+10,1.4761e+11,2.30695e+10,2.27042e+11,1.87441e+10,7.78426e+11,1.01527e+10,1.43298e+12,7.48336e+09,2.87699e+12,5.28143e+09,4.503e+12,4.22154e+09,
115451,2316.39,4.20509e+10,3.78414e+10,1.03562e+11,2.98685e+10,1.47169e+11,2.56086e+10,2.26851e+11,2.08213e+10,7.7841e+11,1.12807e+10,1.43297e+12,8.31484e+09,2.87699e+12,5.86826e+09,4.503e+12,4.6906e+09,
138499,3086.37,3.90248e+10,4.08139e+10,1.02641e+11,3.27641e+10,1.46683e+11,2.81402e+10,2.26642e+11,2.28967e+10,7.78392e+11,1.24087e+10,1.43297e+12,9.14631e+09,2.87699e+12,6.45508e+09,4.503e+12,5.15966e+09,
163625,4008.69,3.5784e+10,4.35619e+10,1.01638e+11,3.56339e+10,1.46155e+11,3.06633e+10,2.26413e+11,2.49701e+10,7.78373e+11,1.35366e+10,1.43296e+12,9.97778e+09,2.87699e+12,7.04191e+09,4.503e+12,5.62872e+09,
190823,5096.34,3.23454e+10,4.60689e+10,1.00554e+11,3.84753e+10,1.45582e+11,3.31774e+10,2.26166e+11,2.70415e+10,7.78351e+11,1.46645e+10,1.43296e+12,1.08093e+10,2.87699e+12,7.62873e+09,4.503e+12,6.09778e+09,
220089,6362.08,2.87271e+10,4.83201e+10,9.9391e+10,4.12862e+10,1.44967e+11,3.56816e+10,2.25899e+11,2.91107e+10,7.78328e+11,1.57924e+10,1.43295e+12,1.16407e+10,2.87699e+12,8.21556e+09,4.50299e+12,6.56684e+09,
251415,7818.36,2.49485e+10,5.03017e+10,9.81487e+10,4.40643e+10,1.44308e+11,3.81751e+10,2.25614e+11,3.11774e+10,7.78304e+11,1.69203e+10,1.43294e+12,1.24722e+10,2.87699e+12,8.80238e+09,4.50299e+12,7.0359e+09,
284797,9477.32,2.10304e+10,5.20018e+10,9.68282e+10,4.68074e+10,1.43607e+11,4.06573e+10,2.25309e+11,3.32414e+10,7.78278e+11,1.80481e+10,1.43293e+12,1.33036e+10,2.87698e+12,9.3892e+09,4.50299e+12,7.50496e+09,
320228,11350.8,1.69942e+10,5.34101e+10,9.54307e+10,4.95131e+10,1.42862e+11,4.31273e+10,2.24986e+11,3.53027e+10,7.7825e+11,1.91759e+10,1.43293e+12,1.41351e+10,2.87698e+12,9.97602e+09,4.50299e+12,7.97402e+09,
357700,13450.1,1.28624e+10,5.45178e+10,9.39571e+10,5.21794e+10,1.42075e+11,4.55846e+10,2.24644e+11,3.7361e+10,7.78221e+11,2.03036e+10,1.43292e+12,1.49665e+10,2.87698e+12,1.05628e+10,4.50299e+12,8.44308e+09,
397207,15786.4,8.65804e+09,5.53181e+10,9.24085e+10,5.48041e+10,1.41245e+11,4.80282e+10,2.24283e+11,3.94162e+10,7.7819e+11,2.14313e+10,1.43291e+12,1.5798e+10,2.87698e+12,1.11497e+10,4.50299e+12,8.91213e+09,
438740,18370.4,4.40485e+09,5.58063e+10,9.07861e+10,5.7385e+10,1.40374e+11,5.04574e+10,2.23903e+11,4.14681e+10,7.78157e+11,2.2559e+10,1.4329e+12,1.66294e+10,2.87697e+12,1.17365e+10,4.50299e+12,9.38119e+09,
482293,21212.1,1.26789e+08,5.59792e+10,8.90911e+10,5.99199e+10,1.3946e+11,5.28717e+10,2.23505e+11,4.35165e+10,7.78123e+11,2.36866e+10,1.43289e+12,1.74608e+10,2.87697e+12,1.23233e+10,4.50299e+12,9.85025e+09,
527856,24321.6,-4.15198e+09,5.5836e+10,8.73248e+10,6.24069e+10,1.38505e+11,5.52701e+10,2.23087e+11,4.55613e+10,7.78087e+11,2.48141e+10,1.43288e+12,1.82923e+10,2.87697e+12,1.29101e+10,4.50299e+12,1.03193e+10,
575423,27708.1,-8.40731e+09,5.53777e+10,8.54885e+10,6.48439e+10,1.37509e+11,5.7652e+10,2.22651e+11,4.76022e+10,7.78049e+11,2.59417e+10,1.43287e+12,1.91237e+10,2.87697e+12,1.3497e+10,4.50299e+12,1.07884e+10,
624984,31380.7,-1.26152e+10,5.46071e+10,8.35837e+10,6.72289e+10,1.36471e+11,6.00167e+10,2.22197e+11,4.96391e+10,7.7801e+11,2.70691e+10,1.43285e+12,1.99551e+10,2.87696e+12,1.40838e+10,4.50299e+12,1.12574e+10,
676531,35347.9,-1.67522e+10,5.35293e+10,8.16118e+10,6.956e+10,1.35393e+11,6.23634e+10,2.21723e+11,5.16719e+10,7.77969e+11,2.81965e+10,1.43284e+12,2.07865e+10,2.87696e+12,1.46706e+10,4.50298e+12,1.17265e+10,
730056,39617.7,-2.0795e+10,5.21509e+10,7.95742e+10,7.18351e+10,1.34274e+11,6.46915e+10,2.21231e+11,5.37003e+10,7.77927e+11,2.93238e+10,1.43283e+12,2.16179e+10,2.87696e+12,1.52574e+10,4.50298e+12,1.21955e+10,
785550,44197.9,-2.47215e+10,5.04805e+10,7.74728e+10,7.40525e+10,1.33115e+11,6.70003e+10,2.20721e+11,5.57242e+10,7.77882e+11,3.04511e+10,1.43282e+12,2.24493e+10,2.87695e+12,1.58442e+10,4.50298e+12,1.26646e+10,
843003,49095.7,-2.851e+10,4.85285e+10,7.53089e+10,7.62102e+10,1.31916e+11,6.92889e+10,2.20192e+11,5.77434e+10,7.77837e+11,3.15783e+10,1.4328e+12,2.32807e+10,2.87695e+12,1.6431e+10,4.50298e+12,1.31337e+10,
902409,54318,-3.21401e+10,4.63069e+10,7.30844e+10,7.83066e+10,1.30677e+11,7.15569e+10,2.19644e+11,5.97578e+10,7.77789e+11,3.27055e+10,1.43279e+12,2.4112e+10,2.87695e+12,1.70179e+10,4.50298e+12,1.36027e+10,
963757,59871.3,-3.55924e+10,4.38291e+10,7.0801e+10,8.03399e+10,1.294e+11,7.38033e+10,2.19078e+11,6.17672e+10,7.7774e+11,3.38325e+10,1.43277e+12,2.49434e+10,2.87694e+12,1.76047e+10,4.50298e+12,1.40718e+10,
1.02704e+06,65761.7,-3.88488e+10,4.11101e+10,6.84604e+10,8.23083e+10,1.28083e+11,7.60277e+10,2.18494e+11,6.37714e+10,7.7769e+11,3.49596e+10,1.43276e+12,2.57748e+10,2.87694e+12,1.81915e+10,4.50298e+12,1.45408e+10,
1.09225e+06,71994.9,-4.18925e+10,3.81659e+10,6.60646e+10,8.42103e+10,1.26729e+11,7.82293e+10,2.17891e+11,6.57702e+10,7.77637e+11,3.60865e+10,1.43274e+12,2.66061e+10,2.87694e+12,1.87783e+10,4.50297e+12,1.50099e+10,
1.15937e+06,78576.3,-4.47081e+10,3.50141e+10,6.36154e+10,8.60442e+10,1.25336e+11,8.04074e+10,2.1727e+11,6.77635e+10,7.77583e+11,3.72133e+10,1.43273e+12,2.74375e+10,2.87693e+12,1.93651e+10,4.50297e+12,1.5479e+10,
1.22841e+06,85511.1,-4.72819e+10,3.16728e+10,6.11148e+10,8.78085e+10,1.23906e+11,8.25614e+10,2.1663e+11,6.97511e+10,7.77528e+11,3.83401e+10,1.43271e+12,2.82688e+10,2.87693e+12,1.99519e+10,4.50297e+12,1.5948e+10,
1.29934e+06,92804,-4.96015e+10,2.81613e+10,5.85647e+10,8.95018e+10,1.22438e+11,8.46906e+10,2.15973e+11,7.17328e+10,7.77471e+11,3.94668e+10,1.43269e+12,2.91001e+10,2.87692e+12,2.05387e+10,4.50297e+12,1.64171e+10,
1.37217e+06,100460,-5.16563e+10,2.44995e+10,5.59672e+10,9.11227e+10,1.20934e+11,8.67943e+10,2.15297e+11,7.37085e+10,7.77412e+11,4.05934e+10,1.43268e+12,2.99314e+10,2.87692e+12,2.11256e+10,4.50297e+12,1.68861e+10,
1.44688e+06,108482,-5.34373e+10,2.07077e+10,5.33244e+10,9.26697e+10,1.19393e+11,8.8872e+10,2.14603e+11,7.5678e+10,7.77351e+11,4.172e+10,1.43266e+12,3.07627e+10,2.87692e+12,2.17124e+10,4.50297e+12,1.73552e+10,
1.52347e+06,116875,-5.4937e+10,1.6807e+10,5.06384e+10,9.41416e+10,1.17817e+11,9.0923e+10,2.13891e+11,7.76412e+10,7.77289e+11,4.28464e+10,1.43264e+12,3.1594e+10,2.87691e+12,2.22992e+10,4.50296e+12,1.78242e+10,
1.60193e+06,125643,-5.61496e+10,1.28185e+10,4.79112e+10,9.55371e+10,1.16205e+11,9.29467e+10,2.13161e+11,7.95978e+10,7.77226e+11,4.39727e+10,1.43262e+12,3.24253e+10,2.87691e+12,2.2886e+10,4.50296e+12,1.82933e+10,
1.68225e+06,134789,-5.70711e+10,8.76347e+09,4.51452e+10,9.68551e+10,1.14558e+11,9.49424e+10,2.12414e+11,8.15477e+10,7.7716e+11,4.5099e+10,1.4326e+12,3.32566e+10,2.8769e+12,2.34728e+10,4.50296e+12,1.87623e+10,
1.76442e+06,144317,-5.76989e+10,4.66337e+09,4.23426e+10,9.80944e+10,1.12876e+11,9.69096e+10,2.11648e+11,8.34907e+10,7.77093e+11,4.62252e+10,1.43258e+12,3.40878e+10,2.8769e+12,2.40596e+10,4.50296e+12,1.92314e+10,
1.84843e+06,154230,-5.8032e+10,5.39458e+08,3.95056e+10,9.92541e+10,1.11161e+11,9.88476e+10,2.10865e+11,8.54268e+10,7.77025e+11,4.73512e+10,1.43256e+12,3.49191e+10,2.87689e+12,2.46464e+10,4.50296e+12,1.97005e+10,
1.93429e+06,164530,-5.8071e+10,-3.58719e+09,3.66364e+10,1.00333e+11,1.09412e+11,1.00756e+11,2.10063e+11,8.73556e+10,7.76955e+11,4.84772e+10,1.43254e+12,3.57503e+10,2.87689e+12,2.52332e+10,4.50295e+12,2.01695e+10,
2.02198e+06,175222,-5.78178e+10,-7.69579e+09,3.37375e+10,1.01331e+11,1.07631e+11,1.02634e+11,2.09245e+11,8.92771e+10,7.76883e+11,4.96031e+10,1.43252e+12,3.65815e+10,2.87688e+12,2.582e+10,4.50295e+12,2.06386e+10,
2.1115e+06,186307,-5.7276e+10,-1.1766e+10,3.08111e+10,1.02246e+11,1.05817e+11,1.04481e+11,2.08408e+11,9.11911e+10,7.76809e+11,5.07288e+10,1.4325e+12,3.74128e+10,2.87688e+12,2.64068e+10,4.50295e+12,2.11076e+10,
2.20283e+06,197788,-5.64504e+10,-1.57779e+10,2.78597e+10,1.03077e+11,1.03971e+11,1.06296e+11,2.07554e+11,9.30974e+10,7.76734e+11,5.18545e+10,1.43248e+12,3.8244e+10,2.87687e+12,2.69936e+10,4.50295e+12,2.15767e+10,
2.29597e+06,209668,-5.53471e+10,-1.97121e+10,2.48856e+10,1.03825e+11,1.02093e+11,1.0808e+11,2.06683e+11,9.49959e+10,7.76657e+11,5.298e+10,1.43245e+12,3.90751e+10,2.87686e+12,2.75804e+10,4.50294e+12,2.20457e+10,
2.39092e+06,221950,-5.39734e+10,-2.35501e+10,2.18912e+10,1.04489e+11,1.00185e+11,1.09831e+11,2.05794e+11,9.68864e+10,7.76579e+11,5.41055e+10,1.43243e+12,3.99063e+10,2.87686e+12,2.81672e+10,4.50294e+12,2.25148e+10,
2.48767e+06,234635,-5.23379e+10,-2.72738e+10,1.88791e+10,1.05067e+11,9.82469e+10,1.11548e+11,2.04888e+11,9.87687e+10,7.76499e+11,5.52308e+10,1.43241e+12,4.07375e+10,2.87685e+12,2.8754e+10,4.50294e+12,2.29838e+10,
2.58621e+06,247727,-5.04501e+10,-3.08661e+10,1.58515e+10,1.0556e+11,9.6279e+10,1.13232e+11,2.03964e+11,1.00643e+11,7.76417e+11,5.6356e+10,1.43238e+12,4.15686e+10,2.87685e+12,2.93408e+10,4.50294e+12,2.34529e+10,
2.68654e+06,261227,-4.83208e+10,-3.43106e+10,1.28111e+10,1.05967e+11,9.4282e+10,1.14882e+11,2.03024e+11,1.02508e+11,7.76334e+11,5.74811e+10,1.43236e+12,4.23998e+10,2.87684e+12,2.99276e+10,4.50294e+12,2.39219e+10,
2.78865e+06,275137,-4.59614e+10,-3.75918e+10,9.7602e+09,1.06287e+11,9.22565e+10,1.16498e+11,2.02066e+11,1.04365e+11,7.76249e+11,5.8606e+10,1.43233e+12,4.32309e+10,2.87683e+12,3.05144e+10,4.50293e+12,2.4391e+10,
2.89253e+06,289460,-4.33846e+10,-4.06951e+10,6.70137e+09,1.06521e+11,9.02033e+10,1.18078e+11,2.01091e+11,1.06213e+11,7.76163e+11,5.97309e+10,1.43231e+12,4.4062e+10,2.87683e+12,3.11012e+10,4.50293e+12,2.48601e+10,
2.99818e+06,304198,-4.06035e+10,-4.36069e+10,3.63708e+09,1.06668e+11,8.81227e+10,1.19622e+11,2.001e+11,1.08052e+11,7.76075e+11,6.08556e+10,1.43228e+12,4.48931e+10,2.87682e+12,3.1688e+10,4.50293e+12,2.53291e+10,
3.10559e+06,319352,-3.76323e+10,-4.63144e+10,5.6983e+08,1.06728e+11,8.60156e+10,1.21131e+11,1.99091e+11,1.09882e+11,7.75985e+11,6.19802e+10,1.43225e+12,4.57241e+10,2.87682e+12,3.22748e+10,4.50292e+12,2.57982e+10,
3.21476e+06,334925,-3.44856e+10,-4.88061e+10,-2.49788e+09,1.06701e+11,8.38824e+10,1.22602e+11,1.98066e+11,1.11703e+11,7.75893e+11,6.31047e+10,1.43223e+12,4.65552e+10,2.87681e+12,3.28616e+10,4.50292e+12,2.62672e+10,
3.32568e+06,350919,-3.11789e+10,-5.10712e+10,-5.56355e+09,1.06587e+11,8.1724e+10,1.24037e+11,1.97024e+11,1.13515e+11,7.758e+11,6.4229e+10,1.4322e+12,4.73862e+10,2.8768e+12,3.34483e+10,4.50292e+12,2.67363e+10,
3.43834e+06,367335,-2.77279e+10,-5.31001e+10,-8.62468e+09,1.06387e+11,7.95408e+10,1.25434e+11,1.95966e+11,1.15316e+11,7.75706e+11,6.53532e+10,1.43217e+12,4.82173e+10,2.87679e+12,3.40351e+10,4.50292e+12,2.72053e+10,
3.55275e+06,384176,-2.41492e+10,-5.48844e+10,-1.16788e+10,1.06099e+11,7.73335e+10,1.26793e+11,1.9489e+11,1.17109e+11,7.75609e+11,6.64772e+10,1.43214e+12,4.90483e+10,2.87679e+12,3.46219e+10,4.50291e+12,2.76744e+10,
3.66889e+06,401443,-2.04595e+10,-5.64164e+10,-1.47234e+10,1.05726e+11,7.51029e+10,1.28114e+11,1.93799e+11,1.18891e+11,7.75511e+11,6.76011e+10,1.43211e+12,4.98793e+10,2.87678e+12,3.52087e+10,4.50291e+12,2.81434e+10,
3.78675e+06,419137,-1.66759e+10,-5.76899e+10,-1.77559e+10,1.05266e+11,7.28496e+10,1.29396e+11,1.92691e+11,1.20663e+11,7.75412e+11,6.87249e+10,1.43208e+12,5.07103e+10,2.87677e+12,3.57955e+10,4.50291e+12,2.86125e+10,
3.90634e+06,437262,-1.28161e+10,-5.86994e+10,-2.0774e+10,1.0472e+11,7.05742e+10,1.30639e+11,1.91567e+11,1.22425e+11,7.75311e+11,6.98486e+10,1.43205e+12,5.15412e+10,2.87677e+12,3.63823e+10,4.5029e+12,2.90815e+10,
4.02765e+06,455817,-8.89773e+09,-5.94409e+10,-2.37752e+10,1.04089e+11,6.82774e+10,1.31843e+11,1.90427e+11,1.24177e+11,7.75208e+11,7.0972e+10,1.43202e+12,5.23722e+10,2.87676e+12,3.6969e+10,4.5029e+12,2.95506e+10,
4.15067e+06,474806,-4.93872e+09,-5.9911e+10,-2.67571e+10,1.03374e+11,6.596e+10,1.33006e+11,1.89271e+11,1.25918e+11,7.75103e+11,7.20954e+10,1.43199e+12,5.32031e+10,2.87675e+12,3.75558e+10,4.5029e+12,3.00196e+10,
4.2754e+06,494229,-9.57176e+08,-6.0108e+10,-2.97171e+10,1.02574e+11,6.36227e+10,1.34129e+11,1.88098e+11,1.27649e+11,7.74997e+11,7.32185e+10,1.43196e+12,5.4034e+10,2.87674e+12,3.81426e+10,4.50289e+12,3.04887e+10,
4.40183e+06,514088,3.02876e+09,-6.00309e+10,-3.2653e+10,1.01691e+11,6.1266e+10,1.35212e+11,1.8691e+11,1.29368e+11,7.7489e+11,7.43416e+10,1.43193e+12,5.48649e+10,2.87673e+12,3.87294e+10,4.50289e+12,3.09577e+10,
4.52996e+06,534386,7.0009e+09,-5.96799e+10,-3.55624e+10,1.00725e+11,5.88908e+10,1.36254e+11,1.85706e+11,1.31077e+11,7.7478e+11,7.54644e+10,1.4319e+12,5.56958e+10,2.87673e+12,3.93161e+10,4.50289e+12,3.14268e+10,
4.65978e+06,555123,1.09411e+10,-5.90563e+10,-3.84428e+10,9.96773e+10,5.64978e+10,1.37254e+11,1.84487e+11,1.32775e+11,7.74669e+11,7.65872e+10,1.43186e+12,5.65266e+10,2.87672e+12,3.99029e+10,4.50289e+12,3.18958e+10,
4.79129e+06,576301,1.48313e+10,-5.81627e+10,-4.12919e+10,9.85486e+10,5.40877e+10,1.38213e+11,1.83252e+11,1.34462e+11,7.74557e+11,7.77097e+10,1.43183e+12,5.73574e+10,2.87671e+12,4.04897e+10,4.50288e+12,3.23649e+10,
4.92448e+06,597921,1.86535e+10,-5.70027e+10,-4.41076e+10,9.73398e+10,5.16611e+10,1.3913e+11,1.82001e+11,1.36137e+11,7.74443e+11,7.88321e+10,1.4318e+12,5.81883e+10,2.8767e+12,4.10764e+10,4.50288e+12,3.28339e+10,
5.05934e+06,619985,2.23902e+10,-5.55808e+10,-4.68874e+10,9.60521e+10,4.92189e+10,1.40005e+11,1.80735e+11,1.37801e+11,7.74327e+11,7.99543e+10,1.43176e+12,5.90191e+10,2.87669e+12,4.16632e+10,4.50287e+12,3.3303e+10,
5.19588e+06,642495,2.60237e+10,-5.39031e+10,-4.96292e+10,9.46864e+10,4.67618e+10,1.40837e+11,1.79454e+11,1.39453e+11,7.74209e+11,8.10764e+10,1.43173e+12,5.98498e+10,2.87668e+12,4.225e+10,4.50287e+12,3.3772e+10,
5.33408e+06,665452,2.9537e+10,-5.19762e+10,-5.23307e+10,9.3244e+10,4.42906e+10,1.41627e+11,1.78158e+11,1.41094e+11,7.7409e+11,8.21983e+10,1.43169e+12,6.06806e+10,2.87668e+12,4.28367e+10,4.50287e+12,3.42411e+10,
5.47395e+06,688858,3.29134e+10,-4.98083e+10,-5.49898e+10,9.1726e+10,4.18059e+10,1.42373e+11,1.76847e+11,1.42722e+11,7.7397e+11,8.332e+10,1.43166e+12,6.15113e+10,2.87667e+12,4.34235e+10,4.50286e+12,3.47101e+10,
5.61547e+06,712713,3.61365e+10,-4.74085e+10,-5.76044e+10,9.01336e+10,3.93085e+10,1.43077e+11,1.7552e+11,1.44339e+11,7.73847e+11,8.44415e+10,1.43162e+12,6.2342e+10,2.87666e+12,4.40103e+10,4.50286e+12,3.51791e+10,
5.75864e+06,737020,3.91907e+10,-4.47869e+10,-6.01723e+10,8.84684e+10,3.67992e+10,1.43737e+11,1.74179e+11,1.45943e+11,7.73723e+11,8.55629e+10,1.43158e+12,6.31727e+10,2.87665e+12,4.4597e+10,4.50286e+12,3.56482e+10,
5.90346e+06,761780,4.20606e+10,-4.19547e+10,-6.26916e+10,8.67316e+10,3.42787e+10,1.44353e+11,1.72824e+11,1.47535e+11,7.73598e+11,8.66841e+10,1.43154e+12,6.40034e+10,2.87664e+12,4.51838e+10,4.50285e+12,3.61172e+10,
6.04992e+06,786994,4.47317e+10,-3.89243e+10,-6.51602e+10,8.49247e+10,3.17479e+10,1.44926e+11,1.71453e+11,1.49115e+11,7.7347e+11,8.78051e+10,1.43151e+12,6.48341e+10,2.87663e+12,4.57705e+10,4.50285e+12,3.65863e+10,
6.19802e+06,812663,4.71903e+10,-3.57088e+10,-6.75761e+10,8.30491e+10,2.92074e+10,1.45455e+11,1.70068e+11,1.50681e+11,7.73342e+11,8.89259e+10,1.43147e+12,6.56647e+10,2.87662e+12,4.63573e+10,4.50285e+12,3.70553e+10,
6.34774e+06,838790,4.94233e+10,-3.23226e+10,-6.99375e+10,8.11066e+10,2.66581e+10,1.45939e+11,1.68669e+11,1.52236e+11,7.73211e+11,9.00465e+10,1.43143e+12,6.64953e+10,2.87661e+12,4.6944e+10,4.50284e+12,3.75244e+10,
6.4991e+06,865375,5.14184e+10,-2.87809e+10,-7.22425e+10,7.90987e+10,2.41006e+10,1.4638e+11,1.67256e+11,1.53777e+11,7.73079e+11,9.11669e+10,1.43139e+12,6.73259e+10,2.8766e+12,4.75308e+10,4.50284e+12,3.79934e+10,
6.65207e+06,892420,5.31646e+10,-2.50997e+10,-7.44893e+10,7.7027e+10,2.15359e+10,1.46776e+11,1.65828e+11,1.55305e+11,7.72945e+11,9.22872e+10,1.43135e+12,6.81564e+10,2.87659e+12,4.81175e+10,4.50283e+12,3.84625e+10,
6.80666e+06,919927,5.46515e+10,-2.12961e+10,-7.66761e+10,7.48933e+10,1.89646e+10,1.47127e+11,1.64387e+11,1.56821e+11,7.7281e+11,9.34072e+10,1.43131e+12,6.8987e+10,2.87658e+12,4.87043e+10,4.50283e+12,3.89315e+10,
6.96286e+06,947895,5.58701e+10,-1.7388e+10,-7.88012e+10,7.26993e+10,1.63876e+10,1.47434e+11,1.62931e+11,1.58323e+11,7.72673e+11,9.45271e+10,1.43127e+12,6.98175e+10,2.87657e+12,4.9291e+10,4.50283e+12,3.94005e+10,
7.12066e+06,976328,5.68123e+10,-1.33938e+10,-8.08629e+10,7.04469e+10,1.38056e+10,1.47696e+11,1.61462e+11,1.59811e+11,7.72535e+11,9.56467e+10,1.43123e+12,7.0648e+10,2.87656e+12,4.98777e+10,4.50282e+12,3.98696e+10,
7.28007e+06,1.00523e+06,5.74714e+10,-9.33287e+09,-8.28597e+10,6.81379e+10,1.12195e+10,1.47913e+11,1.59979e+11,1.61286e+11,7.72394e+11,9.67662e+10,1.43119e+12,7.14785e+10,2.87655e+12,5.04645e+10,4.50282e+12,4.03386e+10,
7.44106e+06,1.03459e+06,5.78419e+10,-5.22506e+09,-8.479e+10,6.57743e+10,8.62988e+09,1.48085e+11,1.58483e+11,1.62748e+11,7.72253e+11,9.78855e+10,1.43115e+12,7.23089e+10,2.87654e+12,5.10512e+10,4.50281e+12,4.08077e+10,
7.60365e+06,1.06442e+06,5.79199e+10,-1.09082e+09,-8.66523e+10,6.33579e+10,6.03769e+09,1.48212e+11,1.56973e+11,1.64195e+11,7.72109e+11,9.90045e+10,1.4311e+12,7.31393e+10,2.87653e+12,5.16379e+10,4.50281e+12,4.12767e+10,
7.76782e+06,1.09472e+06,5.77026e+10,3.04899e+09,-8.84452e+10,6.08908e+10,3.44367e+09,1.48295e+11,1.5545e+11,1.65629e+11,7.71964e+11,1.00123e+11,1.43106e+12,7.39697e+10,2.87652e+12,5.22247e+10,4.5028e+12,4.17457e+10,
7.93356e+06,1.12549e+06,5.7189e+10,7.17315e+09,-9.01674e+10,5.8375e+10,8.48605e+08,1.48332e+11,1.53914e+11,1.67049e+11,7.71817e+11,1.01242e+11,1.43102e+12,7.48001e+10,2.87651e+12,5.28114e+10,4.5028e+12,4.22148e+10,
8.10087e+06,1.15673e+06,5.63793e+10,1.12602e+10,-9.18175e+10,5.58125e+10,-1.74671e+09,1.48324e+11,1.52365e+11,1.68455e+11,7.71669e+11,1.0236e+11,1.43097e+12,7.56304e+10,2.8765e+12,5.33981e+10,4.50279e+12,4.26838e+10,
8.26975e+06,1.18844e+06,5.52756e+10,1.52885e+10,-9.33942e+10,5.32055e+10,-4.34149e+09,1.48271e+11,1.50802e+11,1.69846e+11,7.71519e+11,1.03479e+11,1.43093e+12,7.64608e+10,2.87649e+12,5.39848e+10,4.50279e+12,4.31529e+10,
8.44019e+06,1.22062e+06,5.38815e+10,1.92365e+10,-9.48965e+10,5.0556e+10,-6.93495e+09,1.48173e+11,1.49228e+11,1.71223e+11,7.71368e+11,1.04597e+11,1.43088e+12,7.72911e+10,2.87648e+12,5.45716e+10,4.50279e+12,4.36219e+10,
8.61218e+06,1.25328e+06,5.22023e+10,2.30826e+10,-9.63231e+10,4.78662e+10,-9.5263e+09,1.48031e+11,1.4764e+11,1.72586e+11,7.71215e+11,1.05714e+11,1.43084e+12,7.81213e+10,2.87646e+12,5.51583e+10,4.50278e+12,4.40909e+10,
8.78571e+06,1.28641e+06,5.02449e+10,2.68058e+10,-9.7673e+10,4.51383e+10,-1.21148e+10,1.47843e+11,1.4604e+11,1.73934e+11,7.7106e+11,1.06832e+11,1.43079e+12,7.89516e+10,2.87645e+12,5.5745e+10,4.50278e+12,4.456e+10,
8.96079e+06,1.32001e+06,4.80179e+10,3.03851e+10,-9.89453e+10,4.23746e+10,-1.46995e+10,1.4761e+11,1.44428e+11,1.75267e+11,7.70903e+11,1.07949e+11,1.43074e+12,7.97818e+10,2.87644e+12,5.63317e+10,4.50277e+12,4.5029e+10,
9.13739e+06,1.35409e+06,4.55316e+10,3.38003e+10,-1.00139e+11,3.95772e+10,-1.72798e+10,1.47333e+11,1.42804e+11,1.76586e+11,7.70745e+11,1.09066e+11,1.4307e+12,8.0612e+10,2.87643e+12,5.69184e+10,4.50277e+12,4.54981e+10,
9.31552e+06,1.38863e+06,4.27978e+10,3.70317e+10,-1.01253e+11,3.67484e+10,-1.98549e+10,1.47011e+11,1.41167e+11,1.77889e+11,7.70586e+11,1.10183e+11,1.43065e+12,8.14421e+10,2.87642e+12,5.75051e+10,4.50276e+12,4.59671e+10,
9.49517e+06,1.42365e+06,3.983e+10,4.00607e+10,-1.02287e+11,3.38904e+10,-2.24239e+10,1.46644e+11,1.39518e+11,1.79178e+11,7.70425e+11,1.113e+11,1.4306e+12,8.22723e+10,2.87641e+12,5.80919e+10,4.50276e+12,4.64361e+10,
9.67633e+06,1.45915e+06,3.66433e+10,4.28694e+10,-1.0324e+11,3.10057e+10,-2.49861e+10,1.46233e+11,1.37858e+11,1.80451e+11,7.70262e+11,1.12416e+11,1.43055e+12,8.31024e+10,2.87639e+12,5.86786e+10,4.50275e+12,4.69052e+10,
9.859e+06,1.49511e+06,3.32542e+10,4.54413e+10,-1.04111e+11,2.80964e+10,-2.75408e+10,1.45777e+11,1.36186e+11,1.81709e+11,7.70097e+11,1.13532e+11,1.4305e+12,8.39325e+10,2.87638e+12,5.92653e+10,4.50275e+12,4.73742e+10,
1.00432e+07,1.53154e+06,2.96806e+10,4.77609e+10,-1.049e+11,2.51649e+10,-3.0087e+10,1.45278e+11,1.34503e+11,1.82952e+11,7.69931e+11,1.14648e+11,1.43045e+12,8.47625e+10,2.87637e+12,5.9852e+10,4.50274e+12,4.78432e+10,
1.02288e+07,1.56845e+06,2.59416e+10,4.98143e+10,-1.05607e+11,2.22136e+10,-3.26242e+10,1.44734e+11,1.32808e+11,1.84179e+11,7.69763e+11,1.15764e+11,1.4304e+12,8.55925e+10,2.87636e+12,6.04387e+10,4.50274e+12,4.83123e+10,
1.04159e+07,1.60581e+06,2.20575e+10,5.15891e+10,-1.0623e+11,1.92447e+10,-3.51514e+10,1.44146e+11,1.31102e+11,1.85391e+11,7.69594e+11,1.16879e+11,1.43035e+12,8.64225e+10,2.87634e+12,6.10254e+10,4.50273e+12,4.87813e+10,
1.06046e+07,1.64365e+06,1.80497e+10,5.30744e+10,-1.06769e+11,1.62608e+10,-3.7668e+10,1.43514e+11,1.29385e+11,1.86586e+11,7.69423e+11,1.17995e+11,1.4303e+12,8.72525e+10,2.87633e+12,6.16121e+10,4.50273e+12,4.92503e+10,
1.07946e+07,1.68194e+06,1.39405e+10,5.42612e+10,-1.07225e+11,1.3264e+10,-4.01731e+10,1.42839e+11,1.27656e+11,1.87767e+11,7.69251e+11,1.1911e+11,1.43025e+12,8.80824e+10,2.87632e+12,6.21987e+10,4.50272e+12,4.97194e+10,
1.09862e+07,1.7207e+06,9.75275e+09,5.51421e+10,-1.07596e+11,1.02568e+10,-4.26661e+10,1.42121e+11,1.25917e+11,1.88931e+11,7.69076e+11,1.20224e+11,1.4302e+12,8.89123e+10,2.87631e+12,6.27854e+10,4.50272e+12,5.01884e+10,
1.11792e+07,1.7599e+06,5.51002e+09,5.57119e+10,-1.07883e+11,7.2416e+09,-4.51461e+10,1.41359e+11,1.24168e+11,1.90079e+11,7.68901e+11,1.21339e+11,1.43015e+12,8.97422e+10,2.87629e+12,6.33721e+10,4.50271e+12,5.06574e+10,
1.13736e+07,1.79957e+06,1.23625e+09,5.59671e+10,-1.08085e+11,4.22071e+09,-4.76124e+10,1.40555e+11,1.22408e+11,1.91211e+11,7.68723e+11,1.22453e+11,1.4301e+12,9.05721e+10,2.87628e+12,6.39588e+10,4.50271e+12,5.11264e+10,
1.15695e+07,1.83967e+06,-3.04445e+09,5.59063e+10,-1.08203e+11,1.19652e+09,-5.00643e+10,1.39708e+11,1.20637e+11,1.92327e+11,7.68544e+11,1.23567e+11,1.43004e+12,9.14019e+10,2.87627e+12,6.45455e+10,4.5027e+12,5.15955e+10,
1.17668e+07,1.88023e+06,-7.30789e+09,5.55298e+10,-1.08236e+11,-1.82861e+09,-5.2501e+10,1.38819e+11,1.18857e+11,1.93427e+11,7.68364e+11,1.2468e+11,1.42999e+12,9.22317e+10,2.87625e+12,6.51322e+10,4.5027e+12,5.20645e+10,
1.19656e+07,1.92122e+06,-1.153e+10,5.48402e+10,-1.08185e+11,-4.85231e+09,-5.49218e+10,1.37888e+11,1.17066e+11,1.9451e+11,7.68181e+11,1.25794e+11,1.42993e+12,9.30614e+10,2.87624e+12,6.57188e+10,4.50269e+12,5.25335e+10,
1.21657e+07,1.96265e+06,-1.56872e+10,5.38419e+10,-1.08049e+11,-7.87222e+09,-5.73259e+10,1.36915e+11,1.15265e+11,1.95577e+11,7.67997e+11,1.26907e+11,1.42988e+12,9.38911e+10,2.87623e+12,6.63055e+10,4.50268e+12,5.30026e+10,
1.23673e+07,2.0045e+06,-1.97562e+10,5.25412e+10,-1.07829e+11,-1.0886e+10,-5.97127e+10,1.359e+11,1.13455e+11,1.96627e+11,7.67812e+11,1.2802e+11,1.42982e+12,9.47208e+10,2.87621e+12,6.68922e+10,4.50268e+12,5.34716e+10,
1.25703e+07,2.04678e+06,-2.37145e+10,5.09462e+10,-1.07525e+11,-1.38913e+10,-6.20814e+10,1.34844e+11,1.11635e+11,1.97661e+11,7.67625e+11,1.29132e+11,1.42977e+12,9.55505e+10,2.8762e+12,6.74788e+10,4.50267e+12,5.39406e+10,
1.27747e+07,2.08947e+06,-2.75404e+10,4.90668e+10,-1.07138e+11,-1.68858e+10,-6.44312e+10,1.33748e+11,1.09805e+11,1.98678e+11,7.67436e+11,1.30245e+11,1.42971e+12,9.63801e+10,2.87619e+12,6.80655e+10,4.50267e+12,5.44096e+10,
1.29805e+07,2.13258e+06,-3.1213e+10,4.69147e+10,-1.06667e+11,-1.98672e+10,-6.67616e+10,1.32611e+11,1.07967e+11,1.99678e+11,7.67246e+11,1.31357e+11,1.42966e+12,9.72097e+10,2.87617e+12,6.86522e+10,4.50266e+12,5.48787e+10,
1.31877e+07,2.17609e+06,-3.47128e+10,4.45028e+10,-1.06114e+11,-2.28332e+10,-6.90717e+10,1.31433e+11,1.06119e+11,2.00661e+11,7.67054e+11,1.32469e+11,1.4296e+12,9.80393e+10,2.87616e+12,6.92388e+10,4.50266e+12,5.53477e+10,
1.33963e+07,2.22e+06,-3.80213e+10,4.18459e+10,-1.05478e+11,-2.57815e+10,-7.1361e+10,1.30216e+11,1.04262e+11,2.01627e+11,7.66861e+11,1.3358e+11,1.42954e+12,9.88688e+10,2.87614e+12,6.98255e+10,4.50265e+12,5.58167e+10,
1.36062e+07,2.2643e+06,-4.11213e+10,3.89596e+10,-1.04761e+11,-2.87099e+10,-7.36286e+10,1.2896e+11,1.02396e+11,2.02576e+11,7.66665e+11,1.34691e+11,1.42948e+12,9.96983e+10,2.87613e+12,7.04121e+10,4.50264e+12,5.62857e+10,
1.38176e+07,2.30898e+06,-4.39973e+10,3.58611e+10,-1.03963e+11,-3.16161e+10,-7.5874e+10,1.27664e+11,1.00522e+11,2.03508e+11,7.66469e+11,1.35802e+11,1.42942e+12,1.00528e+11,2.87611e+12,7.09988e+10,4.50264e+12,5.67548e+10,
1.40303e+07,2.35404e+06,-4.66349e+10,3.25684e+10,-1.03085e+11,-3.44978e+10,-7.80964e+10,1.2633e+11,9.86388e+10,2.04422e+11,7.6627e+11,1.36913e+11,1.42937e+12,1.01357e+11,2.8761e+12,7.15854e+10,4.50263e+12,5.72238e+10,
1.42444e+07,2.39946e+06,-4.90216e+10,2.91005e+10,-1.02127e+11,-3.7353e+10,-8.02952e+10,1.24958e+11,9.67475e+10,2.0532e+11,7.6607e+11,1.38023e+11,1.42931e+12,1.02187e+11,2.87608e+12,7.21721e+10,4.50263e+12,5.76928e+10,
1.44599e+07,2.44525e+06,-5.11462e+10,2.54771e+10,-1.0109e+11,-4.01794e+10,-8.24697e+10,1.23548e+11,9.4848e+10,2.062e+11,7.65869e+11,1.39133e+11,1.42925e+12,1.03016e+11,2.87607e+12,7.27587e+10,4.50262e+12,5.81618e+10,
1.46768e+07,2.49139e+06,-5.29992e+10,2.17185e+10,-9.99762e+10,-4.29749e+10,-8.46192e+10,1.22101e+11,9.29406e+10,2.07062e+11,7.65666e+11,1.40243e+11,1.42919e+12,1.03845e+11,2.87605e+12,7.33453e+10,4.50261e+12,5.86309e+10,
1.4895e+07,2.53788e+06,-5.4573e+10,1.78455e+10,-9.87851e+10,-4.57373e+10,-8.67432e+10,1.20617e+11,9.10252e+10,2.07907e+11,7.65461e+11,1.41353e+11,1.42912e+12,1.04675e+11,2.87604e+12,7.3932e+10,4.50261e+12,5.90999e+10,
1.51146e+07,2.58471e+06,-5.58612e+10,1.38791e+10,-9.75181e+10,-4.84647e+10,-8.8841e+10,1.19096e+11,8.91021e+10,2.08734e+11,7.65254e+11,1.42462e+11,1.42906e+12,1.05504e+11,2.87602e+12,7.45186e+10,4.5026e+12,5.95689e+10,
1.53356e+07,2.63186e+06,-5.68593e+10,9.84071e+09,-9.61764e+10,-5.11549e+10,-9.0912e+10,1.17539e+11,8.71715e+10,2.09544e+11,7.65046e+11,1.43571e+11,1.429e+12,1.06333e+11,2.87601e+12,7.51052e+10,4.5026e+12,6.00379e+10,
1.55579e+07,2.67934e+06,-5.75644e+10,5.75163e+09,-9.47609e+10,-5.38058e+10,-9.29555e+10,1.15947e+11,8.52335e+10,2.10336e+11,7.64837e+11,1.44679e+11,1.42894e+12,1.07162e+11,2.87599e+12,7.56919e+10,4.50259e+12,6.05069e+10,
1.57816e+07,2.72714e+06,-5.79751e+10,1.63315e+09,-9.32729e+10,-5.64156e+10,-9.49709e+10,1.1432e+11,8.32882e+10,2.1111e+11,7.64626e+11,1.45788e+11,1.42888e+12,1.07991e+11,2.87598e+12,7.62785e+10,4.50258e+12,6.09759e+10,
1.60067e+07,2.77524e+06,-5.80915e+10,-2.49361e+09,-9.17136e+10,-5.89823e+10,-9.69577e+10,1.12659e+11,8.13359e+10,2.11866e+11,7.64413e+11,1.46896e+11,1.42881e+12,1.08821e+11,2.87596e+12,7.68651e+10,4.50258e+12,6.1445e+10,
1.62331e+07,2.82364e+06,-5.79153e+10,-6.60779e+09,-9.00842e+10,-6.15039e+10,-9.89152e+10,1.10963e+11,7.93768e+10,2.12604e+11,7.64198e+11,1.48003e+11,1.42875e+12,1.0965e+11,2.87595e+12,7.74517e+10,4.50257e+12,6.1914e+10,
1.6461e+07,2.87234e+06,-5.74496e+10,-1.06889e+10,-8.83861e+10,-6.39786e+10,-1.00843e+11,1.09234e+11,7.74108e+10,2.13324e+11,7.63982e+11,1.49111e+11,1.42868e+12,1.10479e+11,2.87593e+12,7.80383e+10,4.50256e+12,6.2383e+10,
1.66902e+07,2.92133e+06,-5.66988e+10,-1.4717e+10,-8.66206e+10,-6.64045e+10,-1.0274e+11,1.07472e+11,7.54384e+10,2.14026e+11,7.63765e+11,1.50218e+11,1.42862e+12,1.11308e+11,2.87591e+12,7.86249e+10,4.50256e+12,6.2852e+10,
1.69208e+07,2.97059e+06,-5.56687e+10,-1.86726e+10,-8.4789e+10,-6.87798e+10,-1.04606e+11,1.05678e+11,7.34595e+10,2.1471e+11,7.63545e+11,1.51325e+11,1.42855e+12,1.12137e+11,2.8759e+12,7.92116e+10,4.50255e+12,6.3321e+10,
1.71527e+07,3.02012e+06,-5.43663e+10,-2.25369e+10,-8.2893e+10,-7.11028e+10,-1.06441e+11,1.03851e+11,7.14744e+10,2.15375e+11,7.63325e+11,1.52431e+11,1.42849e+12,1.12966e+11,2.87588e+12,7.97982e+10,4.50254e+12,6.379e+10,
1.73861e+07,3.06993e+06,-5.27998e+10,-2.62918e+10,-8.09339e+10,-7.33717e+10,-1.08244e+11,1.01994e+11,6.94833e+10,2.16023e+11,7.63102e+11,1.53537e+11,1.42842e+12,1.13794e+11,2.87587e+12,8.03848e+10,4.50254e+12,6.42591e+10,
1.76208e+07,3.11999e+06,-5.09785e+10,-2.99198e+10,-7.89133e+10,-7.55849e+10,-1.10014e+11,1.00106e+11,6.74863e+10,2.16652e+11,7.62878e+11,1.54643e+11,1.42835e+12,1.14623e+11,2.87585e+12,8.09714e+10,4.50253e+12,6.47281e+10,
1.78569e+07,3.1703e+06,-4.89128e+10,-3.34043e+10,-7.68328e+10,-7.77407e+10,-1.11751e+11,9.81874e+10,6.54835e+10,2.17263e+11,7.62652e+11,1.55748e+11,1.42829e+12,1.15452e+11,2.87583e+12,8.15579e+10,4.50252e+12,6.51971e+10,
1.80944e+07,3.22086e+06,-4.6614e+10,-3.67298e+10,-7.4694e+10,-7.98375e+10,-1.13454e+11,9.62395e+10,6.34752e+10,2.17855e+11,7.62425e+11,1.56853e+11,1.42822e+12,1.16281e+11,2.87582e+12,8.21445e+10,4.50252e+12,6.56661e+10,
1.83333e+07,3.27167e+06,-4.40943e+10,-3.98812e+10,-7.24986e+10,-8.18738e+10,-1.15124e+11,9.42627e+10,6.14615e+10,2.18429e+11,7.62196e+11,1.57958e+11,1.42815e+12,1.1711e+11,2.8758e+12,8.27311e+10,4.50251e+12,6.61351e+10,
1.85737e+07,3.32271e+06,-4.13668e+10,-4.28448e+10,-7.02483e+10,-8.38482e+10,-1.16758e+11,9.22575e+10,5.94426e+10,2.18984e+11,7.61966e+11,1.59063e+11,1.42808e+12,1.17938e+11,2.87578e+12,8.33177e+10,4.5025e+12,6.66041e+10,
1.88154e+07,3.37398e+06,-3.84454e+10,-4.56076e+10,-6.79448e+10,-8.57591e+10,-1.18358e+11,9.02246e+10,5.74187e+10,2.19521e+11,7.61734e+11,1.60167e+11,1.42801e+12,1.18767e+11,2.87576e+12,8.39043e+10,4.5025e+12,6.70731e+10,
1.90585e+07,3.42548e+06,-3.53446e+10,-4.81576e+10,-6.55899e+10,-8.76051e+10,-1.19922e+11,8.81646e+10,5.53899e+10,2.20039e+11,7.615e+11,1.61271e+11,1.42794e+12,1.19596e+11,2.87575e+12,8.44909e+10,4.50249e+12,6.75421e+10,
1.93031e+07,3.4772e+06,-3.20795e+10,-5.04839e+10,-6.31854e+10,-8.93849e+10,-1.2145e+11,8.60781e+10,5.33564e+10,2.20538e+11,7.61265e+11,1.62374e+11,1.42787e+12,1.20424e+11,2.87573e+12,8.50774e+10,4.50248e+12,6.80111e+10,
1.9549e+07,3.52913e+06,-2.86659e+10,-5.25767e+10,-6.07332e+10,-9.10973e+10,-1.22941e+11,8.39658e+10,5.13184e+10,2.21019e+11,7.61028e+11,1.63477e+11,1.4278e+12,1.21253e+11,2.87571e+12,8.5664e+10,4.50247e+12,6.84801e+10,
1.97964e+07,3.58128e+06,-2.51201e+10,-5.4427e+10,-5.82352e+10,-9.27409e+10,-1.24396e+11,8.18283e+10,4.92761e+10,2.21481e+11,7.6079e+11,1.6458e+11,1.42773e+12,1.22081e+11,2.87569e+12,8.62506e+10,4.50247e+12,6.89491e+10,
2.00453e+07,3.63364e+06,-2.14587e+10,-5.60271e+10,-5.56932e+10,-9.43145e+10,-1.25813e+11,7.96662e+10,4.72295e+10,2.21924e+11,7.60549e+11,1.65682e+11,1.42766e+12,1.2291e+11,2.87568e+12,8.68371e+10,4.50246e+12,6.94181e+10,
2.02955e+07,3.68621e+06,-1.76988e+10,-5.73703e+10,-5.31093e+10,-9.58171e+10,-1.27192e+11,7.74802e+10,4.5179e+10,2.22349e+11,7.60308e+11,1.66785e+11,1.42759e+12,1.23738e+11,2.87566e+12,8.74237e+10,4.50245e+12,6.98871e+10,
2.05473e+07,3.73897e+06,-1.38578e+10,-5.84509e+10,-5.04853e+10,-9.72475e+10,-1.28534e+11,7.5271e+10,4.31246e+10,2.22754e+11,7.60065e+11,1.67886e+11,1.42751e+12,1.24566e+11,2.87564e+12,8.80102e+10,4.50245e+12,7.03562e+10,
2.08004e+07,3.79194e+06,-9.95342e+09,-5.92645e+10,-4.78233e+10,-9.86047e+10,-1.29836e+11,7.30393e+10,4.10666e+10,2.23141e+11,7.5982e+11,1.68988e+11,1.42744e+12,1.25395e+11,2.87562e+12,8.85968e+10,4.50244e+12,7.08252e+10,
2.1055e+07,3.8451e+06,-6.00351e+09,-5.98077e+10,-4.51253e+10,-9.98876e+10,-1.311e+11,7.07857e+10,3.90051e+10,2.23508e+11,7.59573e+11,1.70089e+11,1.42737e+12,1.26223e+11,2.8756e+12,8.91833e+10,4.50243e+12,7.12942e+10,
2.13111e+07,3.89845e+06,-2.02613e+09,-6.0078e+10,-4.23934e+10,-1.01095e+11,-1.32325e+11,6.85108e+10,3.69403e+10,2.23857e+11,7.59325e+11,1.71189e+11,1.42729e+12,1.27051e+11,2.87559e+12,8.97699e+10,4.50242e+12,7.17632e+10,
2.15687e+07,3.952e+06,1.96058e+09,-6.00744e+10,-3.96295e+10,-1.02227e+11,-1.3351e+11,6.62155e+10,3.48723e+10,2.24187e+11,7.59076e+11,1.7229e+11,1.42722e+12,1.27879e+11,2.87557e+12,9.03564e+10,4.50242e+12,7.22322e+10,
2.18277e+07,4.00574e+06,5.93846e+09,-5.97967e+10,-3.68359e+10,-1.03282e+11,-1.34655e+11,6.39003e+10,3.28015e+10,2.24498e+11,7.58824e+11,1.7339e+11,1.42714e+12,1.28708e+11,2.87555e+12,9.0943e+10,4.50241e+12,7.27012e+10,
2.20883e+07,4.05966e+06,9.88932e+09,-5.9246e+10,-3.40145e+10,-1.0426e+11,-1.3576e+11,6.15661e+10,3.07278e+10,2.24789e+11,7.58572e+11,1.74489e+11,1.42707e+12,1.29536e+11,2.87553e+12,9.15295e+10,4.5024e+12,7.31702e+10,
2.23503e+07,4.11378e+06,1.37951e+10,-5.84245e+10,-3.11676e+10,-1.05159e+11,-1.36824e+11,5.92134e+10,2.86515e+10,2.25062e+11,7.58317e+11,1.75588e+11,1.42699e+12,1.30364e+11,2.87551e+12,9.2116e+10,4.50239e+12,7.36392e+10,
2.26138e+07,4.16808e+06,1.76377e+10,-5.73353e+10,-2.82973e+10,-1.05979e+11,-1.37847e+11,5.6843e+10,2.65728e+10,2.25315e+11,7.58061e+11,1.76687e+11,1.42692e+12,1.31192e+11,2.87549e+12,9.27025e+10,4.50238e+12,7.41082e+10,
2.28788e+07,4.22256e+06,2.13996e+10,-5.59829e+10,-2.54057e+10,-1.0672e+11,-1.38829e+11,5.44557e+10,2.44919e+10,2.2555e+11,7.57804e+11,1.77786e+11,1.42684e+12,1.3202e+11,2.87547e+12,9.32891e+10,4.50238e+12,7.45771e+10,
2.31453e+07,4.27723e+06,2.5063e+10,-5.43728e+10,-2.24951e+10,-1.0738e+11,-1.3977e+11,5.20521e+10,2.24088e+10,2.25765e+11,7.57544e+11,1.78884e+11,1.42676e+12,1.32848e+11,2.87545e+12,9.38756e+10,4.50237e+12,7.50461e+10,
2.34133e+07,4.33209e+06,2.86108e+10,-5.25116e+10,-1.95676e+10,-1.0796e+11,-1.40669e+11,4.96329e+10,2.03239e+10,2.25961e+11,7.57284e+11,1.79981e+11,1.42668e+12,1.33676e+11,2.87543e+12,9.44621e+10,4.50236e+12,7.55151e+10,
2.36829e+07,4.38713e+06,3.20261e+10,-5.0407e+10,-1.66253e+10,-1.08459e+11,-1.41525e+11,4.7199e+10,1.82373e+10,2.26138e+11,7.57021e+11,1.81079e+11,1.42661e+12,1.34504e+11,2.87542e+12,9.50486e+10,4.50235e+12,7.59841e+10,
2.3954e+07,4.44236e+06,3.52925e+10,-4.80679e+10,-1.36706e+10,-1.08877e+11,-1.4234e+11,4.4751e+10,1.61491e+10,2.26296e+11,7.56757e+11,1.82176e+11,1.42653e+12,1.35331e+11,2.8754e+12,9.56351e+10,4.50235e+12,7.64531e+10,
2.42266e+07,4.49778e+06,3.8394e+10,-4.5504e+10,-1.07056e+10,-1.09213e+11,-1.43112e+11,4.22896e+10,1.40595e+10,2.26434e+11,7.56492e+11,1.83272e+11,1.42645e+12,1.36159e+11,2.87538e+12,9.62216e+10,4.50234e+12,7.69221e+10,
2.45008e+07,4.55339e+06,4.13153e+10,-4.27263e+10,-7.73261e+09,-1.09468e+11,-1.43842e+11,3.98157e+10,1.19688e+10,2.26553e+11,7.56225e+11,1.84368e+11,1.42637e+12,1.36987e+11,2.87536e+12,9.68081e+10,4.50233e+12,7.73911e+10,
2.47765e+07,4.60919e+06,4.40416e+10,-3.97469e+10,-4.75377e+09,-1.0964e+11,-1.44529e+11,3.73298e+10,9.87702e+09,2.26654e+11,7.55956e+11,1.85464e+11,1.42629e+12,1.37815e+11,2.87534e+12,9.73946e+10,4.50232e+12,7.78601e+10,
2.50538e+07,4.66518e+06,4.65589e+10,-3.65787e+10,-1.77135e+09,-1.0973e+11,-1.45172e+11,3.48329e+10,7.78443e+09,2.26734e+11,7.55686e+11,1.8656e+11,1.42621e+12,1.38642e+11,2.87532e+12,9.79811e+10,4.50231e+12,7.83291e+10,
2.53327e+07,4.72136e+06,4.88539e+10,-3.32357e+10,1.21242e+09,-1.09738e+11,-1.45773e+11,3.23256e+10,5.69118e+09,2.26796e+11,7.55414e+11,1.87655e+11,1.42613e+12,1.3947e+11,2.8753e+12,9.85676e+10,4.5023e+12,7.87981e+10,
2.56131e+07,4.77774e+06,5.09141e+10,-2.97329e+10,4.19531e+09,-1.09663e+11,-1.4633e+11,2.98087e+10,3.59746e+09,2.26838e+11,7.5514e+11,1.88749e+11,1.42604e+12,1.40297e+11,2.87528e+12,9.9154e+10,4.5023e+12,7.92671e+10,
2.58951e+07,4.83432e+06,5.27282e+10,-2.60863e+10,7.17507e+09,-1.09506e+11,-1.46844e+11,2.72829e+10,1.50343e+09,2.26862e+11,7.54865e+11,1.89844e+11,1.42596e+12,1.41125e+11,2.87526e+12,9.97405e+10,4.50229e+12,7.97361e+10,
2.61787e+07,4.89111e+06,5.42855e+10,-2.23125e+10,1.01495e+10,-1.09268e+11,-1.47313e+11,2.4749e+10,-5.90718e+08,2.26865e+11,7.54589e+11,1.90937e+11,1.42588e+12,1.41952e+11,2.87524e+12,1.00327e+11,4.50228e+12,8.0205e+10,
2.64638e+07,4.9481e+06,5.55766e+10,-1.84293e+10,1.31163e+10,-1.08947e+11,-1.4774e+11,2.22078e+10,-2.68481e+09,2.2685e+11,7.5431e+11,1.92031e+11,1.4258e+12,1.4278e+11,2.87521e+12,1.00913e+11,4.50227e+12,8.0674e+10,
2.67506e+07,5.0053e+06,5.65932e+10,-1.4455e+10,1.60733e+10,-1.08545e+11,-1.48122e+11,1.966e+10,-4.77868e+09,2.26815e+11,7.54031e+11,1.93124e+11,1.42571e+12,1.43607e+11,2.87519e+12,1.015e+11,4.50226e+12,8.1143e+10,
2.7039e+07,5.06272e+06,5.73282e+10,-1.04086e+10,1.90183e+10,-1.08061e+11,-1.4846e+11,1.71063e+10,-6.87213e+09,2.26762e+11,7.53749e+11,1.94217e+11,1.42563e+12,1.44434e+11,2.87517e+12,1.02086e+11,4.50225e+12,8.1612e+10,
2.73289e+07,5.12035e+06,5.77759e+10,-6.3101e+09,2.1949e+10,-1.07496e+11,-1.48754e+11,1.45476e+10,-8.965e+09,2.26688e+11,7.53466e+11,1.95309e+11,1.42554e+12,1.45261e+11,2.87515e+12,1.02673e+11,4.50225e+12,8.2081e+10,
2.76205e+07,5.1782e+06,5.79317e+10,-2.17965e+09,2.48633e+10,-1.06851e+11,-1.49005e+11,1.19845e+10,-1.10571e+10,2.26596e+11,7.53182e+11,1.96401e+11,1.42546e+12,1.46089e+11,2.87513e+12,1.03259e+11,4.50224e+12,8.255e+10,
2.79137e+07,5.23629e+06,5.77927e+10,1.96193e+09,2.77589e+10,-1.06125e+11,-1.4921e+11,9.41793e+09,-1.31483e+10,2.26485e+11,7.52895e+11,1.97492e+11,1.42537e+12,1.46916e+11,2.87511e+12,1.03846e+11,4.50223e+12,8.30189e+10,
2.82085e+07,5.2946e+06,5.73573e+10,6.09347e+09,3.06338e+10,-1.0532e+11,-1.49372e+11,6.84855e+09,-1.52383e+10,2.26354e+11,7.52608e+11,1.98583e+11,1.42529e+12,1.47743e+11,2.87509e+12,1.04432e+11,4.50222e+12,8.34879e+10,
2.8505e+07,5.35315e+06,5.66254e+10,1.01935e+10,3.34856e+10,-1.04435e+11,-1.4949e+11,4.27713e+09,-1.7327e+10,2.26204e+11,7.52318e+11,1.99673e+11,1.4252e+12,1.4857e+11,2.87507e+12,1.05019e+11,4.50221e+12,8.39569e+10,
2.88031e+07,5.41194e+06,5.55987e+10,1.42405e+10,3.63123e+10,-1.03472e+11,-1.49563e+11,1.70446e+09,-1.94143e+10,2.26035e+11,7.52028e+11,2.00764e+11,1.42511e+12,1.49397e+11,2.87504e+12,1.05605e+11,4.5022e+12,8.44259e+10,
2.91028e+07,5.47098e+06,5.42804e+10,1.82128e+10,3.91118e+10,-1.02432e+11,-1.49592e+11,-8.68722e+08,-2.14999e+10,2.25846e+11,7.51735e+11,2.01853e+11,1.42502e+12,1.50224e+11,2.87502e+12,1.06191e+11,4.50219e+12,8.48949e+10,
2.94041e+07,5.53028e+06,5.26752e+10,2.20888e+10,4.18819e+10,-1.01314e+11,-1.49576e+11,-3.44164e+09,-2.35837e+10,2.25639e+11,7.51441e+11,2.02943e+11,1.42494e+12,1.51051e+11,2.875e+12,1.06778e+11,4.50218e+12,8.53638e+10,
2.97071e+07,5.58983e+06,5.07897e+10,2.58472e+10,4.46205e+10,-1.0012e+11,-1.49517e+11,-6.01354e+09,-2.56655e+10,2.25412e+11,7.51145e+11,2.04031e+11,1.42485e+12,1.51878e+11,2.87498e+12,1.07364e+11,4.50218e+12,8.58328e+10,
3.00118e+07,5.64964e+06,4.86321e+10,2.94671e+10,4.73256e+10,-9.88511e+10,-1.49413e+11,-8.58367e+09,-2.77451e+10,2.25166e+11,7.50848e+11,2.0512e+11,1.42476e+12,1.52704e+11,2.87496e+12,1.07951e+11,4.50217e+12,8.63018e+10,
3.03181e+07,5.70972e+06,4.62122e+10,3.2928e+10,4.9995e+10,-9.75076e+10,-1.49265e+11,-1.11513e+10,-2.98224e+10,2.24901e+11,7.50549e+11,2.06208e+11,1.42467e+12,1.53531e+11,2.87494e+12,1.08537e+11,4.50216e+12,8.67708e+10,
3.0626e+07,5.77008e+06,4.35415e+10,3.62101e+10,5.26269e+10,-9.60906e+10,-1.49073e+11,-1.37155e+10,-3.18971e+10,2.24617e+11,7.50249e+11,2.07296e+11,1.42458e+12,1.54358e+11,2.87491e+12,1.09124e+11,4.50215e+12,8.72397e+10,
3.09356e+07,5.83071e+06,4.06331e+10,3.92945e+10,5.52191e+10,-9.46011e+10,-1.48837e+11,-1.62758e+10,-3.39691e+10,2.24314e+11,7.49947e+11,2.08383e+11,1.42449e+12,1.55184e+11,2.87489e+12,1.0971e+11,4.50214e+12,8.77087e+10,
3.12468e+07,5.89164e+06,3.75017e+10,4.2163e+10,5.77696e+10,-9.30404e+10,-1.48557e+11,-1.88312e+10,-3.60382e+10,2.23992e+11,7.49644e+11,2.09469e+11,1.4244e+12,1.56011e+11,2.87487e+12,1.10296e+11,4.50213e+12,8.81777e+10,
3.15597e+07,5.95285e+06,3.41634e+10,4.47987e+10,6.02767e+10,-9.14094e+10,-1.48234e+11,-2.13811e+10,-3.81042e+10,2.23651e+11,7.49338e+11,2.10556e+11,1.42431e+12,1.56838e+11,2.87485e+12,1.10883e+11,4.50212e+12,8.86466e+10,
3.18743e+07,6.01437e+06,3.06357e+10,4.71859e+10,6.27382e+10,-8.97094e+10,-1.47866e+11,-2.39247e+10,-4.0167e+10,2.23291e+11,7.49032e+11,2.11641e+11,1.42421e+12,1.57664e+11,2.87482e+12,1.11469e+11,4.50211e+12,8.91156e+10,
3.21905e+07,6.07618e+06,2.69376e+10,4.93103e+10,6.51524e+10,-8.79417e+10,-1.47455e+11,-2.64612e+10,-4.22264e+10,2.22912e+11,7.48724e+11,2.12727e+11,1.42412e+12,1.58491e+11,2.8748e+12,1.12056e+11,4.5021e+12,8.95846e+10,
3.25084e+07,6.1383e+06,2.3089e+10,5.11591e+10,6.75173e+10,-8.61074e+10,-1.47001e+11,-2.89899e+10,-4.42822e+10,2.22514e+11,7.48414e+11,2.13812e+11,1.42403e+12,1.59317e+11,2.87478e+12,1.12642e+11,4.50209e+12,9.00535e+10,
3.28279e+07,6.20074e+06,1.91111e+10,5.27209e+10,6.98312e+10,-8.4208e+10,-1.46503e+11,-3.15101e+10,-4.63343e+10,2.22097e+11,7.48102e+11,2.14896e+11,1.42394e+12,1.60143e+11,2.87475e+12,1.13228e+11,4.50208e+12,9.05225e+10,
3.31492e+07,6.26349e+06,1.50259e+10,5.39864e+10,7.20922e+10,-8.22448e+10,-1.45963e+11,-3.40211e+10,-4.83824e+10,2.21662e+11,7.47789e+11,2.1598e+11,1.42384e+12,1.60969e+11,2.87473e+12,1.13815e+11,4.50207e+12,9.09915e+10,
3.3472e+07,6.32657e+06,1.08563e+10,5.49477e+10,7.42987e+10,-8.02194e+10,-1.45379e+11,-3.6522e+10,-5.04264e+10,2.21207e+11,7.47475e+11,2.17064e+11,1.42375e+12,1.61796e+11,2.87471e+12,1.14401e+11,4.50206e+12,9.14604e+10,
3.37965e+07,6.38997e+06,6.62555e+09,5.5599e+10,7.64488e+10,-7.81331e+10,-1.44752e+11,-3.90122e+10,-5.24662e+10,2.20734e+11,7.47159e+11,2.18147e+11,1.42365e+12,1.62622e+11,2.87468e+12,1.14987e+11,4.50205e+12,9.19294e+10,
3.41227e+07,6.45371e+06,2.35762e+09,5.59363e+10,7.8541e+10,-7.59874e+10,-1.44083e+11,-4.14909e+10,-5.45014e+10,2.20242e+11,7.46841e+11,2.1923e+11,1.42356e+12,1.63448e+11,2.87466e+12,1.15574e+11,4.50204e+12,9.23984e+10,
3.44506e+07,6.51778e+06,-1.92344e+09,5.59578e+10,8.05735e+10,-7.37841e+10,-1.43372e+11,-4.39574e+10,-5.65321e+10,2.19731e+11,7.46522e+11,2.20312e+11,1.42346e+12,1.64274e+11,2.87464e+12,1.1616e+11,4.50204e+12,9.28673e+10,
3.47801e+07,6.58219e+06,-6.19343e+09,5.56633e+10,8.25448e+10,-7.15247e+10,-1.42618e+11,-4.6411e+10,-5.85579e+10,2.19202e+11,7.46201e+11,2.21393e+11,1.42337e+12,1.651e+11,2.87461e+12,1.16746e+11,4.50203e+12,9.33363e+10,
3.51113e+07,6.64695e+06,-1.04283e+10,5.5055e+10,8.44533e+10,-6.92108e+10,-1.41823e+11,-4.8851e+10,-6.05788e+10,2.18654e+11,7.45879e+11,2.22475e+11,1.42327e+12,1.65926e+11,2.87459e+12,1.17333e+11,4.50202e+12,9.38052e+10,
3.54441e+07,6.71205e+06,-1.46042e+10,5.41366e+10,8.62976e+10,-6.68443e+10,-1.40986e+11,-5.12767e+10,-6.25945e+10,2.18088e+11,7.45555e+11,2.23556e+11,1.42317e+12,1.66752e+11,2.87456e+12,1.17919e+11,4.50201e+12,9.42742e+10,
3.57786e+07,6.77751e+06,-1.86979e+10,5.29141e+10,8.80761e+10,-6.44267e+10,-1.40108e+11,-5.36873e+10,-6.46049e+10,2.17503e+11,7.45229e+11,2.24636e+11,1.42307e+12,1.67578e+11,2.87454e+12,1.18505e+11,4.502e+12,9.47432e+10,
3.61148e+07,6.84332e+06,-2.26866e+10,5.13952e+10,8.97874e+10,-6.19601e+10,-1.39189e+11,-5.60822e+10,-6.66099e+10,2.169e+11,7.44902e+11,2.25716e+11,1.42298e+12,1.68403e+11,2.87452e+12,1.19092e+11,4.50199e+12,9.52121e+10,
3.64526e+07,6.90949e+06,-2.65484e+10,4.95892e+10,9.14302e+10,-5.94461e+10,-1.38228e+11,-5.84607e+10,-6.86091e+10,2.16278e+11,7.44574e+11,2.26795e+11,1.42288e+12,1.69229e+11,2.87449e+12,1.19678e+11,4.50198e+12,9.56811e+10,
3.67921e+07,6.97602e+06,-3.02623e+10,4.75074e+10,9.30031e+10,-5.68866e+10,-1.37228e+11,-6.0822e+10,-7.06026e+10,2.15638e+11,7.44244e+11,2.27874e+11,1.42278e+12,1.70055e+11,2.87447e+12,1.20264e+11,4.50197e+12,9.615e+10,
3.71332e+07,7.04291e+06,-3.38083e+10,4.51624e+10,9.45049e+10,-5.42836e+10,-1.36187e+11,-6.31655e+10,-7.25901e+10,2.1498e+11,7.43912e+11,2.28952e+11,1.42268e+12,1.7088e+11,2.87444e+12,1.20851e+11,4.50196e+12,9.6619e+10,
3.7476e+07,7.11016e+06,-3.71678e+10,4.25685e+10,9.59343e+10,-5.1639e+10,-1.35106e+11,-6.54906e+10,-7.45714e+10,2.14303e+11,7.43578e+11,2.3003e+11,1.42258e+12,1.71706e+11,2.87442e+12,1.21437e+11,4.50195e+12,9.70879e+10,
3.78205e+07,7.17779e+06,-4.03232e+10,3.97412e+10,9.72902e+10,-4.89549e+10,-1.33986e+11,-6.77965e+10,-7.65463e+10,2.13608e+11,7.43244e+11,2.31108e+11,1.42248e+12,1.72531e+11,2.87439e+12,1.22023e+11,4.50194e+12,9.75569e+10,
3.81666e+07,7.24579e+06,-4.32585e+10,3.66972e+10,9.85715e+10,-4.62331e+10,-1.32827e+11,-7.00825e+10,-7.85148e+10,2.12896e+11,7.42907e+11,2.32185e+11,1.42238e+12,1.73357e+11,2.87437e+12,1.2261e+11,4.50193e+12,9.80258e+10,
3.85144e+07,7.31416e+06,-4.59591e+10,3.34543e+10,9.97771e+10,-4.34759e+10,-1.31628e+11,-7.23481e+10,-8.04766e+10,2.12165e+11,7.42569e+11,2.33261e+11,1.42228e+12,1.74182e+11,2.87434e+12,1.23196e+11,4.50192e+12,9.84948e+10,
3.88639e+07,7.3829e+06,-4.8412e+10,3.00313e+10,1.00906e+11,-4.06851e+10,-1.30392e+11,-7.45925e+10,-8.24316e+10,2.11416e+11,7.4223e+11,2.34337e+11,1.42217e+12,1.75008e+11,2.87432e+12,1.23782e+11,4.5019e+12,9.89637e+10,
3.9215e+07,7.45202e+06,-5.06057e+10,2.64476e+10,1.01957e+11,-3.78631e+10,-1.29117e+11,-7.68152e+10,-8.43796e+10,2.10649e+11,7.41888e+11,2.35413e+11,1.42207e+12,1.75833e+11,2.87429e+12,1.24369e+11,4.50189e+12,9.94327e+10,
3.95678e+07,7.52152e+06,-5.25303e+10,2.27235e+10,1.0293e+11,-3.50118e+10,-1.27804e+11,-7.90154e+10,-8.63205e+10,2.09864e+11,7.41546e+11,2.36488e+11,1.42197e+12,1.76658e+11,2.87426e+12,1.24955e+11,4.50188e+12,9.99016e+10,
3.99222e+07,7.59141e+06,-5.41775e+10,1.88796e+10,1.03823e+11,-3.21336e+10,-1.26454e+11,-8.11925e+10,-8.8254e+10,2.09062e+11,7.41202e+11,2.37562e+11,1.42187e+12,1.77483e+11,2.87424e+12,1.25541e+11,4.50187e+12,1.00371e+11,
4.02783e+07,7.66168e+06,-5.55409e+10,1.49368e+10,1.04636e+11,-2.92305e+10,-1.25068e+11,-8.3346e+10,-9.018e+10,2.08242e+11,7.40856e+11,2.38636e+11,1.42176e+12,1.78308e+11,2.87421e+12,1.26127e+11,4.50186e+12,1.0084e+11,
4.06361e+07,7.73233e+06,-5.66154e+10,1.09165e+10,1.05368e+11,-2.63048e+10,-1.23644e+11,-8.54752e+10,-9.20984e+10,2.07404e+11,7.40508e+11,2.3971e+11,1.42166e+12,1.79133e+11,2.87419e+12,1.26714e+11,4.50185e+12,1.01308e+11,
4.09956e+07,7.80337e+06,-5.73977e+10,6.83983e+09,1.06019e+11,-2.33587e+10,-1.22185e+11,-8.75794e+10,-9.40089e+10,2.06548e+11,7.4016e+11,2.40783e+11,1.42155e+12,1.79958e+11,2.87416e+12,1.273e+11,4.50184e+12,1.01777e+11,
4.13567e+07,7.87481e+06,-5.78859e+10,2.72823e+09,1.06587e+11,-2.03945e+10,-1.2069e+11,-8.96581e+10,-9.59115e+10,2.05675e+11,7.39809e+11,2.41855e+11,1.42145e+12,1.80783e+11,2.87414e+12,1.27886e+11,4.50183e+12,1.02246e+11,
4.17195e+07,7.94663e+06,-5.80798e+10,-1.3972e+09,1.07073e+11,-1.74144e+10,-1.1916e+11,-9.17107e+10,-9.7806e+10,2.04785e+11,7.39457e+11,2.42927e+11,1.42134e+12,1.81608e+11,2.87411e+12,1.28472e+11,4.50182e+12,1.02715e+11,
4.2084e+07,8.01886e+06,-5.79807e+10,-5.51553e+09,1.07476e+11,-1.44209e+10,-1.17595e+11,-9.37366e+10,-9.96922e+10,2.03877e+11,7.39104e+11,2.43999e+11,1.42123e+12,1.82433e+11,2.87408e+12,1.29059e+11,4.50181e+12,1.03184e+11,
4.24501e+07,8.09148e+06,-5.75913e+10,-9.60623e+09,1.07795e+11,-1.14161e+10,-1.15996e+11,-9.57352e+10,-1.0157e+11,2.02952e+11,7.38748e+11,2.4507e+11,1.42113e+12,1.83257e+11,2.87406e+12,1.29645e+11,4.5018e+12,1.03653e+11,
4.28179e+07,8.1645e+06,-5.69156e+10,-1.36492e+10,1.0803e+11,-8.40236e+09,-1.14364e+11,-9.7706e+10,-1.03439e+11,2.0201e+11,7.38392e+11,2.4614e+11,1.42102e+12,1.84082e+11,2.87403e+12,1.30231e+11,4.50179e+12,1.04122e+11,
4.31874e+07,8.23793e+06,-5.59591e+10,-1.76248e+10,1.08181e+11,-5.38211e+09,-1.12698e+11,-9.96483e+10,-1.05299e+11,2.01051e+11,7.38034e+11,2.4721e+11,1.42091e+12,1.84907e+11,2.874e+12,1.30817e+11,4.50178e+12,1.04591e+11,
4.35586e+07,8.31177e+06,-5.47285e+10,-2.15141e+10,1.08248e+11,-2.35765e+09,-1.10999e+11,-1.01562e+11,-1.07151e+11,2.00074e+11,7.37674e+11,2.4828e+11,1.4208e+12,1.85731e+11,2.87398e+12,1.31403e+11,4.50177e+12,1.0506e+11,
4.39315e+07,8.38601e+06,-5.32316e+10,-2.52988e+10,1.0823e+11,6.68661e+08,-1.09268e+11,-1.03445e+11,-1.08993e+11,1.99081e+11,7.37312e+11,2.49349e+11,1.4207e+12,1.86556e+11,2.87395e+12,1.3199e+11,4.50175e+12,1.05529e+11,
4.43061e+07,8.46067e+06,-5.14775e+10,-2.89612e+10,1.08127e+11,3.69446e+09,-1.07505e+11,-1.05299e+11,-1.10826e+11,1.98071e+11,7.3695e+11,2.50417e+11,1.42059e+12,1.8738e+11,2.87392e+12,1.32576e+11,4.50174e+12,1.05998e+11,
4.46824e+07,8.53575e+06,-4.94762e+10,-3.24847e+10,1.0794e+11,6.71736e+09,-1.05711e+11,-1.07122e+11,-1.1265e+11,1.97044e+11,7.36585e+11,2.51485e+11,1.42048e+12,1.88204e+11,2.87389e+12,1.33162e+11,4.50173e+12,1.06467e+11,
4.50603e+07,8.61126e+06,-4.72387e+10,-3.58533e+10,1.07668e+11,9.73501e+09,-1.03886e+11,-1.08914e+11,-1.14464e+11,1.96e+11,7.36219e+11,2.52552e+11,1.42037e+12,1.89029e+11,2.87387e+12,1.33748e+11,4.50172e+12,1.06936e+11,
4.544e+07,8.68718e+06,-4.47772e+10,-3.90519e+10,1.07311e+11,1.2745e+10,-1.02031e+11,-1.10675e+11,-1.16268e+11,1.9494e+11,7.35852e+11,2.53619e+11,1.42026e+12,1.89853e+11,2.87384e+12,1.34334e+11,4.50171e+12,1.07405e+11,
4.58213e+07,8.76354e+06,-4.21043e+10,-4.20663e+10,1.06871e+11,1.5745e+10,-1.00146e+11,-1.12403e+11,-1.18063e+11,1.93863e+11,7.35483e+11,2.54685e+11,1.42014e+12,1.90677e+11,2.87381e+12,1.34921e+11,4.5017e+12,1.07874e+11,
4.62044e+07,8.84033e+06,-3.92337e+10,-4.48834e+10,1.06346e+11,1.87326e+10,-9.82323e+10,-1.14099e+11,-1.19847e+11,1.9277e+11,7.35112e+11,2.55751e+11,1.42003e+12,1.91501e+11,2.87378e+12,1.35507e+11,4.50169e+12,1.08342e+11,
4.65892e+07,8.91756e+06,-3.61798e+10,-4.74909e+10,1.05737e+11,2.17055e+10,-9.62901e+10,-1.15761e+11,-1.21622e+11,1.91661e+11,7.3474e+11,2.56816e+11,1.41992e+12,1.92325e+11,2.87376e+12,1.36093e+11,4.50168e+12,1.08811e+11,
4.69756e+07,8.99524e+06,-3.29575e+10,-4.98777e+10,1.05045e+11,2.46613e+10,-9.43199e+10,-1.1739e+11,-1.23386e+11,1.90535e+11,7.34366e+11,2.57881e+11,1.41981e+12,1.93149e+11,2.87373e+12,1.36679e+11,4.50166e+12,1.0928e+11,
4.73638e+07,9.07336e+06,-2.95824e+10,-5.20335e+10,1.04271e+11,2.75975e+10,-9.23223e+10,-1.18985e+11,-1.2514e+11,1.89393e+11,7.33991e+11,2.58945e+11,1.4197e+12,1.93973e+11,2.8737e+12,1.37265e+11,4.50165e+12,1.09749e+11,
4.77537e+07,9.15194e+06,-2.60707e+10,-5.39493e+10,1.03413e+11,3.0512e+10,-9.0298e+10,-1.20546e+11,-1.26883e+11,1.88235e+11,7.33614e+11,2.60008e+11,1.41958e+12,1.94797e+11,2.87367e+12,1.37852e+11,4.50164e+12,1.10218e+11,
4.81453e+07,9.23097e+06,-2.24388e+10,-5.5617e+10,1.02474e+11,3.34024e+10,-8.82475e+10,-1.22071e+11,-1.28615e+11,1.87061e+11,7.33236e+11,2.61071e+11,1.41947e+12,1.95621e+11,2.87364e+12,1.38438e+11,4.50163e+12,1.10687e+11,
4.85386e+07,9.31047e+06,-1.87038e+10,-5.70294e+10,1.01454e+11,3.62662e+10,-8.61714e+10,-1.23561e+11,-1.30336e+11,1.85872e+11,7.32856e+11,2.62134e+11,1.41935e+12,1.96444e+11,2.87362e+12,1.39024e+11,4.50162e+12,1.11156e+11,
4.89337e+07,9.39044e+06,-1.4883e+10,-5.81809e+10,1.00354e+11,3.91014e+10,-8.40704e+10,-1.25016e+11,-1.32047e+11,1.84666e+11,7.32475e+11,2.63196e+11,1.41924e+12,1.97268e+11,2.87359e+12,1.3961e+11,4.50161e+12,1.11625e+11,
4.93304e+07,9.47089e+06,-1.09939e+10,-5.90664e+10,9.91733e+10,4.19054e+10,-8.1945e+10,-1.26434e+11,-1.33746e+11,1.83445e+11,7.32092e+11,2.64257e+11,1.41912e+12,1.98091e+11,2.87356e+12,1.40196e+11,4.5016e+12,1.12094e+11,
4.97289e+07,9.55181e+06,-7.05443e+09,-5.96823e+10,9.79143e+10,4.46762e+10,-7.97958e+10,-1.27816e+11,-1.35434e+11,1.82209e+11,7.31707e+11,2.65318e+11,1.41901e+12,1.98915e+11,2.87353e+12,1.40782e+11,4.50158e+12,1.12563e+11,
5.01291e+07,9.63323e+06,-3.08254e+09,-6.00259e+10,9.65774e+10,4.74114e+10,-7.76236e+10,-1.2916e+11,-1.3711e+11,1.80957e+11,7.31321e+11,2.66378e+11,1.41889e+12,1.99738e+11,2.8735e+12,1.41368e+11,4.50157e+12,1.13032e+11,
5.05311e+07,9.71513e+06,9.03623e+08,-6.00958e+10,9.51635e+10,5.01089e+10,-7.54288e+10,-1.30467e+11,-1.38775e+11,1.79689e+11,7.30934e+11,2.67438e+11,1.41877e+12,2.00562e+11,2.87347e+12,1.41954e+11,4.50156e+12,1.13501e+11,
5.09347e+07,9.79754e+06,4.8859e+09,-5.98915e+10,9.36738e+10,5.27664e+10,-7.32123e+10,-1.31737e+11,-1.40428e+11,1.78407e+11,7.30545e+11,2.68497e+11,1.41866e+12,2.01385e+11,2.87344e+12,1.42541e+11,4.50155e+12,1.13969e+11,
5.13401e+07,9.88045e+06,8.84611e+09,-5.94138e+10,9.21094e+10,5.53818e+10,-7.09745e+10,-1.32968e+11,-1.42069e+11,1.77109e+11,7.30154e+11,2.69556e+11,1.41854e+12,2.02208e+11,2.87341e+12,1.43127e+11,4.50154e+12,1.14438e+11,
5.17472e+07,9.96388e+06,1.27661e+10,-5.86645e+10,9.04714e+10,5.79529e+10,-6.87162e+10,-1.34161e+11,-1.43698e+11,1.75797e+11,7.29762e+11,2.70614e+11,1.41842e+12,2.03031e+11,2.87338e+12,1.43713e+11,4.50152e+12,1.14907e+11,
5.21561e+07,1.00478e+07,1.66279e+10,-5.76465e+10,8.87611e+10,6.04777e+10,-6.64381e+10,-1.35315e+11,-1.45315e+11,1.74469e+11,7.29368e+11,2.71671e+11,1.4183e+12,2.03855e+11,2.87335e+12,1.44299e+11,4.50151e+12,1.15376e+11,
5.25667e+07,1.01323e+07,2.04137e+10,-5.6364e+10,8.69798e+10,6.29541e+10,-6.41407e+10,-1.3643e+11,-1.4692e+11,1.73127e+11,7.28973e+11,2.72728e+11,1.41818e+12,2.04678e+11,2.87332e+12,1.44885e+11,4.5015e+12,1.15845e+11,
5.2979e+07,1.02173e+07,2.41057e+10,-5.48221e+10,8.51288e+10,6.538e+10,-6.18247e+10,-1.37506e+11,-1.48512e+11,1.7177e+11,7.28576e+11,2.73784e+11,1.41806e+12,2.05501e+11,2.87329e+12,1.45471e+11,4.50149e+12,1.16314e+11,
5.3393e+07,1.03029e+07,2.76868e+10,-5.30271e+10,8.32095e+10,6.77535e+10,-5.94909e+10,-1.38542e+11,-1.50092e+11,1.70399e+11,7.28178e+11,2.7484e+11,1.41794e+12,2.06323e+11,2.87326e+12,1.46057e+11,4.50148e+12,1.16783e+11,
5.38088e+07,1.03889e+07,3.11399e+10,-5.09865e+10,8.12235e+10,7.00726e+10,-5.71399e+10,-1.39537e+11,-1.51659e+11,1.69013e+11,7.27778e+11,2.75895e+11,1.41782e+12,2.07146e+11,2.87323e+12,1.46643e+11,4.50146e+12,1.17252e+11,
5.42263e+07,1.04756e+07,3.44484e+10,-4.87087e+10,7.91723e+10,7.23354e+10,-5.47724e+10,-1.40493e+11,-1.53213e+11,1.67613e+11,7.27377e+11,2.7695e+11,1.4177e+12,2.07969e+11,2.8732e+12,1.47229e+11,4.50145e+12,1.17721e+11,
5.46456e+07,1.05628e+07,3.75962e+10,-4.62034e+10,7.70574e+10,7.45401e+10,-5.2389e+10,-1.41408e+11,-1.54754e+11,1.66199e+11,7.26974e+11,2.78003e+11,1.41758e+12,2.08792e+11,2.87317e+12,1.47815e+11,4.50144e+12,1.1819e+11,
5.50666e+07,1.06506e+07,4.05678e+10,-4.34811e+10,7.48805e+10,7.66847e+10,-4.99905e+10,-1.42282e+11,-1.56282e+11,1.6477e+11,7.2657e+11,2.79057e+11,1.41746e+12,2.09614e+11,2.87314e+12,1.48401e+11,4.50143e+12,1.18658e+11,
5.54893e+07,1.0739e+07,4.33483e+10,-4.05536e+10,7.26434e+10,7.87675e+10,-4.75775e+10,-1.43115e+11,-1.57797e+11,1.63328e+11,7.26164e+11,2.8011e+11,1.41733e+12,2.10437e+11,2.87311e+12,1.48987e+11,4.50141e+12,1.19127e+11,
5.59138e+07,1.08279e+07,4.59234e+10,-3.74337e+10,7.03477e+10,8.07869e+10,-4.51508e+10,-1.43907e+11,-1.59298e+11,1.61872e+11,7.25756e+11,2.81162e+11,1.41721e+12,2.11259e+11,2.87308e+12,1.49573e+11,4.5014e+12,1.19596e+11,
5.63399e+07,1.09175e+07,4.82796e+10,-3.4135e+10,6.79953e+10,8.2741e+10,-4.2711e+10,-1.44657e+11,-1.60786e+11,1.60402e+11,7.25347e+11,2.82213e+11,1.41709e+12,2.12082e+11,2.87305e+12,1.50159e+11,4.50139e+12,1.20065e+11,
5.67679e+07,1.10076e+07,5.04042e+10,-3.06724e+10,6.5588e+10,8.46284e+10,-4.02589e+10,-1.45365e+11,-1.62261e+11,1.58919e+11,7.24937e+11,2.83265e+11,1.41696e+12,2.12904e+11,2.87302e+12,1.50745e+11,4.50138e+12,1.20534e+11,
5.71975e+07,1.10984e+07,5.22854e+10,-2.70614e+10,6.31278e+10,8.64474e+10,-3.77951e+10,-1.46032e+11,-1.63722e+11,1.57422e+11,7.24525e+11,2.84315e+11,1.41684e+12,2.13726e+11,2.87299e+12,1.51331e+11,4.50136e+12,1.21003e+11,
5.76289e+07,1.11897e+07,5.39125e+10,-2.33188e+10,6.06166e+10,8.81964e+10,-3.53205e+10,-1.46656e+11,-1.65168e+11,1.55912e+11,7.24111e+11,2.85365e+11,1.41671e+12,2.14548e+11,2.87296e+12,1.51918e+11,4.50135e+12,1.21472e+11,
5.8062e+07,1.12817e+07,5.52756e+10,-1.94617e+10,5.80564e+10,8.98741e+10,-3.28356e+10,-1.47238e+11,-1.66601e+11,1.54389e+11,7.23696e+11,2.86414e+11,1.41659e+12,2.15371e+11,2.87293e+12,1.52504e+11,4.50134e+12,1.21941e+11,
5.84968e+07,1.13744e+07,5.63662e+10,-1.55086e+10,5.54492e+10,9.14791e+10,-3.03412e+10,-1.47778e+11,-1.6802e+11,1.52853e+11,7.2328e+11,2.87463e+11,1.41646e+12,2.16193e+11,2.8729e+12,1.5309e+11,4.50133e+12,1.2241e+11,
5.89333e+07,1.14677e+07,5.71769e+10,-1.14783e+10,5.27971e+10,9.30099e+10,-2.78381e+10,-1.48275e+11,-1.69425e+11,1.51303e+11,7.22862e+11,2.88511e+11,1.41633e+12,2.17015e+11,2.87287e+12,1.53676e+11,4.50131e+12,1.22879e+11,
5.93716e+07,1.15616e+07,5.77014e+10,-7.39041e+09,5.01022e+10,9.44653e+10,-2.53269e+10,-1.48729e+11,-1.70815e+11,1.49741e+11,7.22442e+11,2.89558e+11,1.41621e+12,2.17836e+11,2.87283e+12,1.54261e+11,4.5013e+12,1.23347e+11,
5.98115e+07,1.16562e+07,5.79349e+10,-3.26518e+09,4.73668e+10,9.58441e+10,-2.28084e+10,-1.4914e+11,-1.72191e+11,1.48167e+11,7.22021e+11,2.90605e+11,1.41608e+12,2.18658e+11,2.8728e+12,1.54847e+11,4.50129e+12,1.23816e+11,
6.02532e+07,1.17514e+07,5.78741e+10,8.76722e+08,4.4593e+10,9.71451e+10,-2.02833e+10,-1.49508e+11,-1.73552e+11,1.4658e+11,7.21598e+11,2.91651e+11,1.41595e+12,2.1948e+11,2.87277e+12,1.55433e+11,4.50127e+12,1.24285e+11,
6.06966e+07,1.18474e+07,5.7517e+10,5.01419e+09,4.1783e+10,9.83673e+10,-1.77523e+10,-1.49834e+11,-1.74899e+11,1.4498e+11,7.21174e+11,2.92697e+11,1.41582e+12,2.20302e+11,2.87274e+12,1.56019e+11,4.50126e+12,1.24754e+11,
6.11417e+07,1.1944e+07,5.68631e+10,9.12583e+09,3.89391e+10,9.95095e+10,-1.52162e+10,-1.50115e+11,-1.76231e+11,1.43368e+11,7.20748e+11,2.93742e+11,1.4157e+12,2.21123e+11,2.87271e+12,1.56605e+11,4.50125e+12,1.25223e+11,
6.15885e+07,1.20413e+07,5.59137e+10,1.319e+10,3.60637e+10,1.00571e+11,-1.26757e+10,-1.50354e+11,-1.77548e+11,1.41745e+11,7.20321e+11,2.94786e+11,1.41557e+12,2.21945e+11,2.87267e+12,1.57191e+11,4.50123e+12,1.25692e+11,
6.2037e+07,1.21393e+07,5.46714e+10,1.71852e+10,3.31589e+10,1.0155e+11,-1.01315e+10,-1.50549e+11,-1.7885e+11,1.40109e+11,7.19892e+11,2.9583e+11,1.41544e+12,2.22766e+11,2.87264e+12,1.57777e+11,4.50122e+12,1.26161e+11,
6.24871e+07,1.2238e+07,5.31408e+10,2.10896e+10,3.02273e+10,1.02448e+11,-7.58442e+09,-1.50701e+11,-1.80136e+11,1.38461e+11,7.19462e+11,2.96873e+11,1.41531e+12,2.23588e+11,2.87261e+12,1.58363e+11,4.50121e+12,1.2663e+11,
6.2939e+07,1.23374e+07,5.13278e+10,2.48819e+10,2.72711e+10,1.03261e+11,-5.03509e+09,-1.5081e+11,-1.81408e+11,1.36802e+11,7.1903e+11,2.97915e+11,1.41518e+12,2.24409e+11,2.87258e+12,1.58949e+11,4.5012e+12,1.27098e+11,
6.33925e+07,1.24376e+07,4.92403e+10,2.8541e+10,2.42927e+10,1.03991e+11,-2.48429e+09,-1.50875e+11,-1.82664e+11,1.35131e+11,7.18597e+11,2.98957e+11,1.41504e+12,2.2523e+11,2.87254e+12,1.59535e+11,4.50118e+12,1.27567e+11,
6.38477e+07,1.25384e+07,4.68876e+10,3.20464e+10,2.12947e+10,1.04636e+11,6.72404e+07,-1.50896e+11,-1.83905e+11,1.33448e+11,7.18162e+11,2.99998e+11,1.41491e+12,2.26051e+11,2.87251e+12,1.60121e+11,4.50117e+12,1.28036e+11,
6.43046e+07,1.264e+07,4.42809e+10,3.53779e+10,1.82793e+10,1.05196e+11,2.61878e+09,-1.50874e+11,-1.85131e+11,1.31755e+11,7.17726e+11,3.01039e+11,1.41478e+12,2.26872e+11,2.87248e+12,1.60707e+11,4.50115e+12,1.28505e+11,
6.47631e+07,1.27424e+07,4.14329e+10,3.85164e+10,1.52491e+10,1.0567e+11,5.16958e+09,-1.50809e+11,-1.8634e+11,1.3005e+11,7.17288e+11,3.02079e+11,1.41465e+12,2.27693e+11,2.87245e+12,1.61293e+11,4.50114e+12,1.28974e+11,
6.52233e+07,1.28455e+07,3.83578e+10,4.14435e+10,1.22066e+10,1.06058e+11,7.71891e+09,-1.507e+11,-1.87534e+11,1.28335e+11,7.16849e+11,3.03118e+11,1.41451e+12,2.28514e+11,2.87241e+12,1.61879e+11,4.50113e+12,1.29443e+11,
6.56851e+07,1.29493e+07,3.50714e+10,4.41421e+10,9.15413e+09,1.0636e+11,1.0266e+10,-1.50547e+11,-1.88712e+11,1.26608e+11,7.16408e+11,3.04157e+11,1.41438e+12,2.29335e+11,2.87238e+12,1.62465e+11,4.50111e+12,1.29912e+11,
6.61486e+07,1.30539e+07,3.1591e+10,4.6596e+10,6.09428e+09,1.06575e+11,1.28102e+10,-1.50351e+11,-1.89875e+11,1.24871e+11,7.15966e+11,3.05195e+11,1.41425e+12,2.30156e+11,2.87235e+12,1.63051e+11,4.5011e+12,1.30381e+11,
6.66136e+07,1.31593e+07,2.7935e+10,4.87906e+10,3.02952e+09,1.06703e+11,1.53507e+10,-1.50112e+11,-1.91021e+11,1.23123e+11,7.15522e+11,3.06232e+11,1.41411e+12,2.30977e+11,2.87231e+12,1.63636e+11,4.50109e+12,1.30849e+11,
6.70803e+07,1.32654e+07,2.41233e+10,5.07126e+10,-3.76462e+07,1.06744e+11,1.78868e+10,-1.4983e+11,-1.92151e+11,1.21365e+11,7.15077e+11,3.07269e+11,1.41398e+12,2.31797e+11,2.87228e+12,1.64222e+11,4.50107e+12,1.31318e+11,
6.75486e+07,1.33723e+07,2.01768e+10,5.23503e+10,-3.10473e+09,1.06698e+11,2.04178e+10,-1.49504e+11,-1.93265e+11,1.19597e+11,7.1463e+11,3.08305e+11,1.41384e+12,2.32618e+11,2.87225e+12,1.64808e+11,4.50106e+12,1.31787e+11,
6.80185e+07,1.348e+07,1.61172e+10,5.36939e+10,-6.16922e+09,1.06566e+11,2.29429e+10,-1.49135e+11,-1.94362e+11,1.17818e+11,7.14182e+11,3.09341e+11,1.4137e+12,2.33438e+11,2.87221e+12,1.65394e+11,4.50105e+12,1.32256e+11,
6.849e+07,1.35885e+07,1.19672e+10,5.47351e+10,-9.22864e+09,1.06346e+11,2.54614e+10,-1.48723e+11,-1.95444e+11,1.1603e+11,7.13732e+11,3.10376e+11,1.41357e+12,2.34258e+11,2.87218e+12,1.6598e+11,4.50103e+12,1.32725e+11,
6.89631e+07,1.36977e+07,7.7501e+09,5.54676e+10,-1.22805e+10,1.0604e+11,2.79726e+10,-1.48268e+11,-1.96508e+11,1.14232e+11,7.13281e+11,3.1141e+11,1.41343e+12,2.35079e+11,2.87214e+12,1.66566e+11,4.50102e+12,1.33194e+11,
6.94378e+07,1.38078e+07,3.48961e+09,5.58869e+10,-1.53222e+10,1.05648e+11,3.04757e+10,-1.47771e+11,-1.97556e+11,1.12424e+11,7.12828e+11,3.12443e+11,1.41329e+12,2.35899e+11,2.87211e+12,1.67152e+11,4.501e+12,1.33663e+11,
6.9914e+07,1.39186e+07,-7.90186e+08,5.59907e+10,-1.83515e+10,1.05169e+11,3.29701e+10,-1.47231e+11,-1.98588e+11,1.10607e+11,7.12374e+11,3.13476e+11,1.41316e+12,2.36719e+11,2.87208e+12,1.67737e+11,4.50099e+12,1.34131e+11,
7.03918e+07,1.40302e+07,-5.06513e+09,5.57784e+10,-2.13657e+10,1.04605e+11,3.5455e+10,-1.46648e+11,-1.99603e+11,1.08781e+11,7.11918e+11,3.14508e+11,1.41302e+12,2.37539e+11,2.87204e+12,1.68323e+11,4.50098e+12,1.346e+11,
7.08712e+07,1.41426e+07,-9.3111e+09,5.52515e+10,-2.43625e+10,1.03956e+11,3.79297e+10,-1.46023e+11,-2.006e+11,1.06945e+11,7.11461e+11,3.1554e+11,1.41288e+12,2.38359e+11,2.87201e+12,1.68909e+11,4.50096e+12,1.35069e+11,
7.1352e+07,1.42558e+07,-1.35042e+10,5.44135e+10,-2.73394e+10,1.03222e+11,4.03934e+10,-1.45356e+11,-2.01581e+11,1.051e+11,7.11002e+11,3.16571e+11,1.41274e+12,2.39179e+11,2.87197e+12,1.69495e+11,4.50095e+12,1.35538e+11,
7.18345e+07,1.43698e+07,-1.7621e+10,5.32697e+10,-3.0294e+10,1.02404e+11,4.28455e+10,-1.44647e+11,-2.02545e+11,1.03247e+11,7.10542e+11,3.17601e+11,1.4126e+12,2.39999e+11,2.87194e+12,1.70081e+11,4.50093e+12,1.36007e+11,
7.23184e+07,1.44846e+07,-2.16386e+10,5.18273e+10,-3.32239e+10,1.01503e+11,4.52853e+10,-1.43896e+11,-2.03492e+11,1.01384e+11,7.1008e+11,3.18631e+11,1.41246e+12,2.40819e+11,2.8719e+12,1.70666e+11,4.50092e+12,1.36476e+11,
7.28038e+07,1.46001e+07,-2.55349e+10,5.00954e+10,-3.61267e+10,1.00519e+11,4.7712e+10,-1.43104e+11,-2.04422e+11,9.95134e+10,7.09617e+11,3.19659e+11,1.41232e+12,2.41638e+11,2.87187e+12,1.71252e+11,4.50091e+12,1.36944e+11,
7.32908e+07,1.47165e+07,-2.92887e+10,4.80847e+10,-3.90001e+10,9.9454e+10,5.0125e+10,-1.4227e+11,-2.05335e+11,9.76342e+10,7.09152e+11,3.20688e+11,1.41218e+12,2.42458e+11,2.87183e+12,1.71838e+11,4.50089e+12,1.37413e+11,
7.37793e+07,1.48336e+07,-3.28796e+10,4.58075e+10,-4.18418e+10,9.83079e+10,5.25235e+10,-1.41396e+11,-2.0623e+11,9.57468e+10,7.08686e+11,3.21715e+11,1.41203e+12,2.43277e+11,2.8718e+12,1.72424e+11,4.50088e+12,1.37882e+11,
7.42692e+07,1.49516e+07,-3.62888e+10,4.32776e+10,-4.46494e+10,9.7082e+10,5.49069e+10,-1.4048e+11,-2.07108e+11,9.38513e+10,7.08218e+11,3.22742e+11,1.41189e+12,2.44097e+11,2.87176e+12,1.7301e+11,4.50086e+12,1.38351e+11,
7.47606e+07,1.50703e+07,-3.94983e+10,4.05104e+10,-4.74207e+10,9.57773e+10,5.72745e+10,-1.39524e+11,-2.07968e+11,9.1948e+10,7.07749e+11,3.23768e+11,1.41175e+12,2.44916e+11,2.87173e+12,1.73595e+11,4.50085e+12,1.3882e+11,
7.52536e+07,1.51898e+07,-4.24919e+10,3.7522e+10,-5.01535e+10,9.43949e+10,5.96255e+10,-1.38528e+11,-2.08811e+11,9.00368e+10,7.07278e+11,3.24794e+11,1.41161e+12,2.45735e+11,2.87169e+12,1.74181e+11,4.50083e+12,1.39289e+11,
7.57479e+07,1.531e+07,-4.52545e+10,3.43302e+10,-5.28455e+10,9.29361e+10,6.19593e+10,-1.37491e+11,-2.09636e+11,8.81182e+10,7.06806e+11,3.25819e+11,1.41146e+12,2.46554e+11,2.87165e+12,1.74767e+11,4.50082e+12,1.39758e+11,
7.62438e+07,1.54311e+07,-4.77727e+10,3.09534e+10,-5.54947e+10,9.14019e+10,6.42752e+10,-1.36415e+11,-2.10444e+11,8.6192e+10,7.06332e+11,3.26843e+11,1.41132e+12,2.47374e+11,2.87162e+12,1.75353e+11,4.5008e+12,1.40226e+11,
7.67411e+07,1.55529e+07,-5.00347e+10,2.74109e+10,-5.80989e+10,8.97938e+10,6.65726e+10,-1.35299e+11,-2.11234e+11,8.42587e+10,7.05857e+11,3.27866e+11,1.41117e+12,2.48193e+11,2.87158e+12,1.75938e+11,4.50079e+12,1.40695e+11,
7.72399e+07,1.56755e+07,-5.20302e+10,2.37227e+10,-6.0656e+10,8.8113e+10,6.88508e+10,-1.34145e+11,-2.12006e+11,8.23182e+10,7.0538e+11,3.28889e+11,1.41103e+12,2.49011e+11,2.87155e+12,1.76524e+11,4.50077e+12,1.41164e+11,
7.77401e+07,1.57989e+07,-5.37505e+10,1.99093e+10,-6.3164e+10,8.63609e+10,7.11091e+10,-1.32951e+11,-2.1276e+11,8.03708e+10,7.04902e+11,3.29911e+11,1.41088e+12,2.4983e+11,2.87151e+12,1.7711e+11,4.50076e+12,1.41633e+11,
7.82417e+07,1.5923e+07,-5.51885e+10,1.59917e+10,-6.56209e+10,8.45391e+10,7.33468e+10,-1.31719e+11,-2.13497e+11,7.84167e+10,7.04423e+11,3.30932e+11,1.41074e+12,2.50649e+11,2.87147e+12,1.77695e+11,4.50074e+12,1.42102e+11,
7.87448e+07,1.60479e+07,-5.63391e+10,1.19909e+10,-6.80248e+10,8.2649e+10,7.55634e+10,-1.30449e+11,-2.14215e+11,7.6456e+10,7.03941e+11,3.31953e+11,1.41059e+12,2.51468e+11,2.87144e+12,1.78281e+11,4.50073e+12,1.4257e+11,
7.92493e+07,1.61735e+07,-5.71982e+10,7.92823e+09,-7.03736e+10,8.06923e+10,7.77581e+10,-1.29141e+11,-2.14915e+11,7.44888e+10,7.03459e+11,3.32973e+11,1.41044e+12,2.52286e+11,2.8714e+12,1.78867e+11,4.50071e+12,1.43039e+11,
7.97553e+07,1.62999e+07,-5.77638e+10,3.82504e+09,-7.26657e+10,7.86705e+10,7.99303e+10,-1.27796e+11,-2.15598e+11,7.25154e+10,7.02975e+11,3.33992e+11,1.4103e+12,2.53105e+11,2.87136e+12,1.79453e+11,4.5007e+12,1.43508e+11,
8.02626e+07,1.6427e+07,-5.80353e+10,-2.97519e+08,-7.48992e+10,7.65853e+10,8.20794e+10,-1.26414e+11,-2.16262e+11,7.05358e+10,7.02489e+11,3.35011e+11,1.41015e+12,2.53923e+11,2.87133e+12,1.80038e+11,4.50068e+12,1.43977e+11,
8.07714e+07,1.65549e+07,-5.80133e+10,-4.41849e+09,-7.70723e+10,7.44385e+10,8.42048e+10,-1.24995e+11,-2.16908e+11,6.85504e+10,7.02002e+11,3.36029e+11,1.41e+12,2.54742e+11,2.87129e+12,1.80624e+11,4.50067e+12,1.44446e+11,
8.12816e+07,1.66835e+07,-5.77004e+10,-8.51725e+09,-7.91833e+10,7.22318e+10,8.63058e+10,-1.2354e+11,-2.17536e+11,6.65592e+10,7.01514e+11,3.37046e+11,1.40985e+12,2.5556e+11,2.87125e+12,1.8121e+11,4.50065e+12,1.44915e+11,
8.17933e+07,1.68128e+07,-5.71002e+10,-1.25736e+10,-8.12307e+10,6.99672e+10,8.83819e+10,-1.22049e+11,-2.18145e+11,6.45623e+10,7.01024e+11,3.38062e+11,1.4097e+12,2.56378e+11,2.87122e+12,1.81795e+11,4.50064e+12,1.45383e+11,
8.23063e+07,1.69429e+07,-5.62178e+10,-1.65678e+10,-8.32128e+10,6.76463e+10,9.04324e+10,-1.20523e+11,-2.18736e+11,6.25601e+10,7.00533e+11,3.39078e+11,1.40955e+12,2.57196e+11,2.87118e+12,1.82381e+11,4.50062e+12,1.45852e+11,
8.28208e+07,1.70736e+07,-5.50594e+10,-2.04807e+10,-8.5128e+10,6.52712e+10,9.24566e+10,-1.18962e+11,-2.19309e+11,6.05526e+10,7.0004e+11,3.40093e+11,1.4094e+12,2.58014e+11,2.87114e+12,1.82967e+11,4.50061e+12,1.46321e+11,
8.33366e+07,1.72051e+07,-5.36328e+10,-2.42938e+10,-8.6975e+10,6.28438e+10,9.44541e+10,-1.17366e+11,-2.19863e+11,5.854e+10,6.99545e+11,3.41107e+11,1.40925e+12,2.58832e+11,2.8711e+12,1.83552e+11,4.50059e+12,1.4679e+11,
8.38539e+07,1.73373e+07,-5.19465e+10,-2.79895e+10,-8.87523e+10,6.03662e+10,9.64243e+10,-1.15737e+11,-2.20399e+11,5.65225e+10,6.99049e+11,3.42121e+11,1.4091e+12,2.5965e+11,2.87107e+12,1.84138e+11,4.50058e+12,1.47259e+11,
8.43726e+07,1.74703e+07,-5.00103e+10,-3.15507e+10,-9.04585e+10,5.78402e+10,9.83665e+10,-1.14073e+11,-2.20916e+11,5.45003e+10,6.98552e+11,3.43134e+11,1.40895e+12,2.60467e+11,2.87103e+12,1.84723e+11,4.50056e+12,1.47727e+11,
8.48927e+07,1.76039e+07,-4.78351e+10,-3.49612e+10,-9.20923e+10,5.5268e+10,1.0028e+11,-1.12377e+11,-2.21415e+11,5.24734e+10,6.98053e+11,3.44146e+11,1.40879e+12,2.61285e+11,2.87099e+12,1.85309e+11,4.50055e+12,1.48196e+11,
8.54142e+07,1.77382e+07,-4.54325e+10,-3.82057e+10,-9.36526e+10,5.26518e+10,1.02165e+11,-1.10648e+11,-2.21895e+11,5.04422e+10,6.97553e+11,3.45157e+11,1.40864e+12,2.62103e+11,2.87095e+12,1.85895e+11,4.50053e+12,1.48665e+11,
8.59371e+07,1.78732e+07,-4.28152e+10,-4.127e+10,-9.51382e+10,4.99936e+10,1.0402e+11,-1.08887e+11,-2.22356e+11,4.84067e+10,6.97051e+11,3.46168e+11,1.40849e+12,2.6292e+11,2.87091e+12,1.8648e+11,4.50052e+12,1.49134e+11,
8.64614e+07,1.80089e+07,-3.99965e+10,-4.41404e+10,-9.65479e+10,4.72955e+10,1.05845e+11,-1.07094e+11,-2.22799e+11,4.63672e+10,6.96548e+11,3.47178e+11,1.40834e+12,2.63737e+11,2.87088e+12,1.87066e+11,4.5005e+12,1.49603e+11,
8.69871e+07,1.81453e+07,-3.69905e+10,-4.68046e+10,-9.78806e+10,4.45599e+10,1.07639e+11,-1.05271e+11,-2.23223e+11,4.43238e+10,6.96044e+11,3.48187e+11,1.40818e+12,2.64555e+11,2.87084e+12,1.87651e+11,4.50048e+12,1.50072e+11,
8.75142e+07,1.82824e+07,-3.38122e+10,-4.9251e+10,-9.91355e+10,4.17888e+10,1.09401e+11,-1.03416e+11,-2.23628e+11,4.22767e+10,6.95538e+11,3.49196e+11,1.40803e+12,2.65372e+11,2.8708e+12,1.88237e+11,4.50047e+12,1.5054e+11,
8.80428e+07,1.84202e+07,-3.04768e+10,-5.14692e+10,-1.00312e+11,3.89846e+10,1.11133e+11,-1.01532e+11,-2.24014e+11,4.0226e+10,6.9503e+11,3.50204e+11,1.40787e+12,2.66189e+11,2.87076e+12,1.88823e+11,4.50045e+12,1.51009e+11,
8.85727e+07,1.85586e+07,-2.70004e+10,-5.34498e+10,-1.01408e+11,3.61494e+10,1.12831e+11,-9.96178e+10,-2.24382e+11,3.81719e+10,6.94521e+11,3.51211e+11,1.40772e+12,2.67006e+11,2.87072e+12,1.89408e+11,4.50044e+12,1.51478e+11,
8.91041e+07,1.86977e+07,-2.33994e+10,-5.51844e+10,-1.02424e+11,3.32857e+10,1.14497e+11,-9.76748e+10,-2.24731e+11,3.61146e+10,6.94011e+11,3.52217e+11,1.40756e+12,2.67823e+11,2.87068e+12,1.89994e+11,4.50042e+12,1.51947e+11,
8.96368e+07,1.88375e+07,-1.96905e+10,-5.66657e+10,-1.03359e+11,3.03956e+10,1.1613e+11,-9.57034e+10,-2.25061e+11,3.40543e+10,6.93499e+11,3.53222e+11,1.4074e+12,2.6864e+11,2.87064e+12,1.90579e+11,4.50041e+12,1.52415e+11,
9.0171e+07,1.89779e+07,-1.58911e+10,-5.78875e+10,-1.04212e+11,2.74815e+10,1.17729e+11,-9.37041e+10,-2.25372e+11,3.19912e+10,6.92985e+11,3.54227e+11,1.40725e+12,2.69456e+11,2.8706e+12,1.91165e+11,4.50039e+12,1.52884e+11,
9.07066e+07,1.91191e+07,-1.20187e+10,-5.88446e+10,-1.04983e+11,2.45457e+10,1.19293e+11,-9.16775e+10,-2.25664e+11,2.99254e+10,6.9247e+11,3.55231e+11,1.40709e+12,2.70273e+11,2.87057e+12,1.9175e+11,4.50037e+12,1.53353e+11,
9.12437e+07,1.92608e+07,-8.09096e+09,-5.9533e+10,-1.05671e+11,2.15906e+10,1.20823e+11,-8.96243e+10,-2.25937e+11,2.7857e+10,6.91954e+11,3.56235e+11,1.40693e+12,2.7109e+11,2.87053e+12,1.92336e+11,4.50036e+12,1.53822e+11,
9.17821e+07,1.94033e+07,-4.12592e+09,-5.99498e+10,-1.06276e+11,1.86185e+10,1.22318e+11,-8.75449e+10,-2.26192e+11,2.57863e+10,6.91436e+11,3.57237e+11,1.40677e+12,2.71906e+11,2.87049e+12,1.92921e+11,4.50034e+12,1.54291e+11,
9.2322e+07,1.95464e+07,-1.41649e+08,-6.00931e+10,-1.06797e+11,1.56317e+10,1.23777e+11,-8.54399e+10,-2.26427e+11,2.37135e+10,6.90917e+11,3.58239e+11,1.40661e+12,2.72723e+11,2.87045e+12,1.93507e+11,4.50033e+12,1.54759e+11,
9.28633e+07,1.96901e+07,3.84369e+09,-5.99623e+10,-1.07234e+11,1.26327e+10,1.252e+11,-8.33101e+10,-2.26643e+11,2.16387e+10,6.90396e+11,3.5924e+11,1.40645e+12,2.73539e+11,2.87041e+12,1.94092e+11,4.50031e+12,1.55228e+11,
9.3406e+07,1.98345e+07,7.81192e+09,-5.95577e+10,-1.07586e+11,9.62377e+09,1.26587e+11,-8.1156e+10,-2.2684e+11,1.9562e+10,6.89874e+11,3.60241e+11,1.40629e+12,2.74355e+11,2.87037e+12,1.94678e+11,4.50029e+12,1.55697e+11,
9.39501e+07,1.99796e+07,1.17449e+10,-5.88809e+10,-1.07854e+11,6.60731e+09,1.27937e+11,-7.89781e+10,-2.27019e+11,1.74838e+10,6.89351e+11,3.6124e+11,1.40613e+12,2.75171e+11,2.87033e+12,1.95263e+11,4.50028e+12,1.56166e+11,
9.44957e+07,2.01253e+07,1.56245e+10,-5.79344e+10,-1.08038e+11,3.58569e+09,1.29249e+11,-7.67772e+10,-2.27178e+11,1.5404e+10,6.88826e+11,3.62239e+11,1.40597e+12,2.75987e+11,2.87029e+12,1.95849e+11,4.50026e+12,1.56635e+11,
9.50428e+07,2.02717e+07,1.94329e+10,-5.67222e+10,-1.08137e+11,5.61288e+08,1.30524e+11,-7.45539e+10,-2.27318e+11,1.3323e+10,6.88299e+11,3.63237e+11,1.40581e+12,2.76803e+11,2.87025e+12,1.96434e+11,4.50024e+12,1.57103e+11,
9.55912e+07,2.04187e+07,2.31524e+10,-5.5249e+10,-1.08152e+11,-2.46354e+09,1.3176e+11,-7.23088e+10,-2.27439e+11,1.12409e+10,6.87771e+11,3.64234e+11,1.40565e+12,2.77619e+11,2.87021e+12,1.9702e+11,4.50023e+12,1.57572e+11,
9.61411e+07,2.05663e+07,2.67655e+10,-5.35208e+10,-1.08082e+11,-5.48643e+09,1.32958e+11,-7.00426e+10,-2.27541e+11,9.15779e+09,6.87242e+11,3.65231e+11,1.40549e+12,2.78435e+11,2.87017e+12,1.97605e+11,4.50021e+12,1.58041e+11,
9.66925e+07,2.07146e+07,3.02551e+10,-5.15447e+10,-1.07927e+11,-8.50502e+09,1.34118e+11,-6.77558e+10,-2.27624e+11,7.07394e+09,6.86711e+11,3.66226e+11,1.40532e+12,2.7925e+11,2.87013e+12,1.98191e+11,4.50019e+12,1.5851e+11,
9.72453e+07,2.08636e+07,3.36046e+10,-4.9329e+10,-1.07689e+11,-1.1517e+10,1.35238e+11,-6.54493e+10,-2.27688e+11,4.98951e+09,6.86179e+11,3.67221e+11,1.40516e+12,2.80066e+11,2.87009e+12,1.98776e+11,4.50018e+12,1.58978e+11,
9.77995e+07,2.10132e+07,3.67977e+10,-4.6883e+10,-1.07366e+11,-1.452e+10,1.36318e+11,-6.31236e+10,-2.27732e+11,2.90465e+09,6.85645e+11,3.68216e+11,1.405e+12,2.80881e+11,2.87004e+12,1.99361e+11,4.50016e+12,1.59447e+11,
9.83553e+07,2.11634e+07,3.98186e+10,-4.42169e+10,-1.06961e+11,-1.75116e+10,1.37359e+11,-6.07794e+10,-2.27758e+11,8.19561e+08,6.8511e+11,3.69209e+11,1.40483e+12,2.81697e+11,2.87e+12,1.99947e+11,4.50014e+12,1.59916e+11,
9.89124e+07,2.13143e+07,4.26523e+10,-4.13423e+10,-1.06472e+11,-2.04897e+10,1.38359e+11,-5.84174e+10,-2.27765e+11,-1.2656e+09,6.84574e+11,3.70202e+11,1.40467e+12,2.82512e+11,2.86996e+12,2.00532e+11,4.50013e+12,1.60385e+11,
9.94711e+07,2.14659e+07,4.52843e+10,-3.82716e+10,-1.059e+11,-2.34519e+10,1.39319e+11,-5.60382e+10,-2.27752e+11,-3.35065e+09,6.84036e+11,3.71194e+11,1.4045e+12,2.83327e+11,2.86992e+12,2.01118e+11,4.50011e+12,1.60853e+11,
1.00031e+08,2.1618e+07,4.77008e+10,-3.50184e+10,-1.05247e+11,-2.63959e+10,1.40238e+11,-5.36427e+10,-2.27721e+11,-5.43542e+09,6.83496e+11,3.72185e+11,1.40434e+12,2.84142e+11,2.86988e+12,2.01703e+11,4.50009e+12,1.61322e+11,
1.00593e+08,2.17709e+07,4.9889e+10,-3.1597e+10,-1.04512e+11,-2.93195e+10,1.41116e+11,-5.12314e+10,-2.2767e+11,-7.51973e+09,6.82955e+11,3.73175e+11,1.40417e+12,2.84957e+11,2.86984e+12,2.02288e+11,4.50008e+12,1.61791e+11,
1.01156e+08,2.19244e+07,5.18367e+10,-2.80229e+10,-1.03696e+11,-3.22204e+10,1.41953e+11,-4.88051e+10,-2.276e+11,-9.60341e+09,6.82413e+11,3.74165e+11,1.40401e+12,2.85772e+11,2.8698e+12,2.02874e+11,4.50006e+12,1.6226e+11,
1.0172e+08,2.20785e+07,5.35329e+10,-2.43125e+10,-1.028e+11,-3.50964e+10,1.42748e+11,-4.63644e+10,-2.27512e+11,-1.16863e+10,6.81869e+11,3.75153e+11,1.40384e+12,2.86587e+11,2.86976e+12,2.03459e+11,4.50004e+12,1.62729e+11,
1.02286e+08,2.22333e+07,5.49676e+10,-2.04829e+10,-1.01825e+11,-3.79454e+10,1.43501e+11,-4.39102e+10,-2.27404e+11,-1.37682e+10,6.81324e+11,3.76141e+11,1.40367e+12,2.87401e+11,2.86971e+12,2.04045e+11,4.50003e+12,1.63197e+11,
1.02854e+08,2.23887e+07,5.61317e+10,-1.65523e+10,-1.00771e+11,-4.07651e+10,1.44212e+11,-4.1443e+10,-2.27277e+11,-1.58489e+10,6.80778e+11,3.77128e+11,1.4035e+12,2.88216e+11,2.86967e+12,2.0463e+11,4.50001e+12,1.63666e+11,
1.03423e+08,2.25449e+07,5.70176e+10,-1.25393e+10,-9.964e+10,-4.35535e+10,1.44881e+11,-3.89636e+10,-2.27131e+11,-1.79283e+10,6.8023e+11,3.78115e+11,1.40333e+12,2.8903e+11,2.86963e+12,2.05215e+11,4.49999e+12,1.64135e+11,
1.03993e+08,2.27016e+07,5.76186e+10,-8.46347e+09,-9.84321e+10,-4.63084e+10,1.45507e+11,-3.64728e+10,-2.26966e+11,-2.00062e+10,6.7968e+11,3.791e+11,1.40317e+12,2.89845e+11,2.86959e+12,2.05801e+11,4.49997e+12,1.64604e+11,
1.04565e+08,2.2859e+07,5.79297e+10,-4.34485e+09,-9.71486e+10,-4.90277e+10,1.46091e+11,-3.39713e+10,-2.26782e+11,-2.20825e+10,6.79129e+11,3.80085e+11,1.403e+12,2.90659e+11,2.86955e+12,2.06386e+11,4.49996e+12,1.65072e+11,
1.05139e+08,2.30171e+07,5.7947e+10,-2.04042e+08,-9.57905e+10,-5.17094e+10,1.46631e+11,-3.14597e+10,-2.26579e+11,-2.41569e+10,6.78577e+11,3.81069e+11,1.40283e+12,2.91473e+11,2.8695e+12,2.06971e+11,4.49994e+12,1.65541e+11,
1.05714e+08,2.31759e+07,5.76682e+10,3.93793e+09,-9.4359e+10,-5.43515e+10,1.47128e+11,-2.89389e+10,-2.26358e+11,-2.62292e+10,6.78023e+11,3.82052e+11,1.40266e+12,2.92287e+11,2.86946e+12,2.07557e+11,4.49992e+12,1.6601e+11,
1.0629e+08,2.33353e+07,5.70925e+10,8.05971e+09,-9.28552e+10,-5.6952e+10,1.47583e+11,-2.64095e+10,-2.26117e+11,-2.82994e+10,6.77468e+11,3.83035e+11,1.40248e+12,2.93101e+11,2.86942e+12,2.08142e+11,4.49991e+12,1.66478e+11,
1.06868e+08,2.34954e+07,5.62205e+10,1.21397e+10,-9.12804e+10,-5.95089e+10,1.47993e+11,-2.38724e+10,-2.25857e+11,-3.03672e+10,6.76911e+11,3.84016e+11,1.40231e+12,2.93915e+11,2.86938e+12,2.08727e+11,4.49989e+12,1.66947e+11,
1.07447e+08,2.36562e+07,5.50547e+10,1.61563e+10,-8.96357e+10,-6.20204e+10,1.4836e+11,-2.13282e+10,-2.25579e+11,-3.24324e+10,6.76353e+11,3.84997e+11,1.40214e+12,2.94729e+11,2.86933e+12,2.09312e+11,4.49987e+12,1.67416e+11,
1.08028e+08,2.38177e+07,5.35991e+10,2.00877e+10,-8.79226e+10,-6.44846e+10,1.48684e+11,-1.87777e+10,-2.25281e+11,-3.4495e+10,6.75794e+11,3.85977e+11,1.40197e+12,2.95543e+11,2.86929e+12,2.09898e+11,4.49985e+12,1.67885e+11,
1.08611e+08,2.39798e+07,5.18592e+10,2.39126e+10,-8.61424e+10,-6.68996e+10,1.48963e+11,-1.62217e+10,-2.24965e+11,-3.65547e+10,6.75233e+11,3.86956e+11,1.4018e+12,2.96356e+11,2.86925e+12,2.10483e+11,4.49984e+12,1.68353e+11,
1.09195e+08,2.41427e+07,4.98424e+10,2.76096e+10,-8.42965e+10,-6.92636e+10,1.49199e+11,-1.36609e+10,-2.2463e+11,-3.86113e+10,6.74671e+11,3.87934e+11,1.40162e+12,2.9717e+11,2.8692e+12,2.11068e+11,4.49982e+12,1.68822e+11,
1.0978e+08,2.43062e+07,4.75578e+10,3.11581e+10,-8.23864e+10,-7.15749e+10,1.4939e+11,-1.1096e+10,-2.24276e+11,-4.06646e+10,6.74107e+11,3.88912e+11,1.40145e+12,2.97983e+11,2.86916e+12,2.11653e+11,4.4998e+12,1.69291e+11,
1.10367e+08,2.44704e+07,4.5016e+10,3.45378e+10,-8.04136e+10,-7.38318e+10,1.49538e+11,-8.52789e+09,-2.23904e+11,-4.27146e+10,6.73542e+11,3.89889e+11,1.40128e+12,2.98797e+11,2.86912e+12,2.12239e+11,4.49978e+12,1.6976e+11,
1.10956e+08,2.46353e+07,4.22292e+10,3.77293e+10,-7.83796e+10,-7.60326e+10,1.49641e+11,-5.95722e+09,-2.23512e+11,-4.4761e+10,6.72975e+11,3.90864e+11,1.4011e+12,2.9961e+11,2.86907e+12,2.12824e+11,4.49976e+12,1.70228e+11,
1.11546e+08,2.48009e+07,3.92115e+10,4.07139e+10,-7.62861e+10,-7.81756e+10,1.497e+11,-3.38477e+09,-2.23102e+11,-4.68037e+10,6.72408e+11,3.91839e+11,1.40093e+12,3.00423e+11,2.86903e+12,2.13409e+11,4.49975e+12,1.70697e+11,
1.12137e+08,2.49672e+07,3.59783e+10,4.34743e+10,-7.41347e+10,-8.02594e+10,1.49715e+11,-8.11316e+08,-2.22674e+11,-4.88424e+10,6.71838e+11,3.92814e+11,1.40075e+12,3.01236e+11,2.86899e+12,2.13994e+11,4.49973e+12,1.71166e+11,
